PL,LAT,LON,FST,VT,GH,T,RH,U,V,SP,TP,CAPE,T2M,RH2M,PW,WEATHER_REGIME,OBS_RAINFALL
850,12.9716,77.5946,2021-01-01 00:00:00,2021-01-02 00:00:00,1493.09,299.64,77.58,-3.56,2.28,921.4,3.16,904.21,302.21,80.29,15.45,ACTIVE,3.63
500,12.9716,77.5946,2021-01-01 00:00:00,2021-01-02 00:00:00,5407.59,266.44,64.11,-6.62,-1.25,914.94,0.0,625.7,271.33,57.05,23.68,ACTIVE,0.0
850,12.2958,76.6394,2021-01-01 00:00:00,2021-01-02 00:00:00,1529.89,296.26,63.43,-0.72,1.44,914.25,0.0,650.28,301.95,61.97,30.53,NORMAL,0.1
500,12.2958,76.6394,2021-01-01 00:00:00,2021-01-02 00:00:00,5483.82,265.09,62.19,6.11,-3.88,921.04,0.0,0.0,270.49,63.17,39.09,NORMAL,0.0
850,12.9141,74.856,2021-01-01 00:00:00,2021-01-02 00:00:00,1544.09,299.81,89.92,1.42,-0.2,997.61,5.82,212.06,301.46,85.52,41.71,COASTAL_OROGRAPHIC,6.51
500,12.9141,74.856,2021-01-01 00:00:00,2021-01-02 00:00:00,5461.49,270.12,34.85,4.91,4.55,1009.47,0.0,137.75,273.74,31.73,24.63,COASTAL_OROGRAPHIC,0.1
850,15.3647,75.124,2021-01-01 00:00:00,2021-01-02 00:00:00,1548.78,299.14,51.51,1.11,-0.64,925.9,0.0,55.09,304.82,52.99,24.17,COASTAL_OROGRAPHIC,0.0
500,15.3647,75.124,2021-01-01 00:00:00,2021-01-02 00:00:00,5435.49,269.23,79.45,9.48,2.35,936.86,0.0,131.84,273.32,77.96,19.43,COASTAL_OROGRAPHIC,0.0
850,17.3297,76.8343,2021-01-01 00:00:00,2021-01-02 00:00:00,1500.95,304.86,33.71,9.39,-1.07,915.96,0.0,74.91,308.98,35.35,34.11,DEPRESSION,0.0
500,17.3297,76.8343,2021-01-01 00:00:00,2021-01-02 00:00:00,5517.56,276.27,69.29,-1.51,-0.31,918.04,0.0,0.0,277.74,70.59,10.21,DEPRESSION,0.0
850,12.9716,77.5946,2021-01-16 00:00:00,2021-01-17 00:00:00,1517.28,290.18,44.44,0.29,-2.21,919.19,0.0,120.2,306.92,45.31,20.91,NORMAL,0.0
500,12.9716,77.5946,2021-01-16 00:00:00,2021-01-17 00:00:00,5332.65,268.09,49.56,2.3,10.85,919.04,0.0,115.08,273.08,43.71,39.57,NORMAL,0.0
850,12.2958,76.6394,2021-01-16 00:00:00,2021-01-17 00:00:00,1442.51,300.45,79.51,5.96,-2.64,927.01,2.02,0.0,301.39,79.89,35.06,ACTIVE,2.47
500,12.2958,76.6394,2021-01-16 00:00:00,2021-01-17 00:00:00,5443.37,265.18,32.65,10.53,4.49,920.05,0.0,81.72,274.45,26.54,15.23,ACTIVE,0.1
850,12.9141,74.856,2021-01-16 00:00:00,2021-01-17 00:00:00,1577.5,296.39,90.89,0.06,-2.54,1003.22,2.39,722.45,304.6,97.42,41.19,COASTAL_OROGRAPHIC,2.8
500,12.9141,74.856,2021-01-16 00:00:00,2021-01-17 00:00:00,5479.41,268.18,88.32,3.3,4.13,998.82,3.47,0.0,275.39,94.4,23.37,COASTAL_OROGRAPHIC,4.0
850,15.3647,75.124,2021-01-16 00:00:00,2021-01-17 00:00:00,1464.28,299.03,30.33,2.87,-3.87,925.25,0.0,166.26,304.62,25.56,17.12,COASTAL_OROGRAPHIC,0.1
500,15.3647,75.124,2021-01-16 00:00:00,2021-01-17 00:00:00,5417.93,271.63,72.23,4.12,4.76,915.66,0.0,558.34,271.37,68.15,39.19,COASTAL_OROGRAPHIC,0.1
850,17.3297,76.8343,2021-01-16 00:00:00,2021-01-17 00:00:00,1488.02,304.79,54.71,2.07,6.81,918.68,0.0,236.01,308.4,50.43,18.42,NORMAL,0.0
500,17.3297,76.8343,2021-01-16 00:00:00,2021-01-17 00:00:00,5486.27,272.28,29.74,0.88,3.86,922.37,0.0,96.36,275.46,22.17,35.53,NORMAL,0.1
850,12.9716,77.5946,2021-01-31 00:00:00,2021-02-01 00:00:00,1474.35,295.37,66.19,2.87,2.54,915.58,0.0,561.49,303.27,60.48,36.32,ACTIVE,0.0
500,12.9716,77.5946,2021-01-31 00:00:00,2021-02-01 00:00:00,5606.62,270.77,75.66,-4.89,-2.75,922.58,7.09,705.51,273.2,80.02,25.05,ACTIVE,7.72
850,12.2958,76.6394,2021-01-31 00:00:00,2021-02-01 00:00:00,1556.78,299.86,75.63,3.16,1.7,914.24,0.0,0.0,302.18,76.04,23.97,ACTIVE,0.0
500,12.2958,76.6394,2021-01-31 00:00:00,2021-02-01 00:00:00,5535.73,262.78,68.4,-0.36,5.36,920.32,0.0,68.9,271.72,71.8,28.69,ACTIVE,0.0
850,12.9141,74.856,2021-01-31 00:00:00,2021-02-01 00:00:00,1592.17,306.32,71.43,-8.13,1.75,1001.69,0.0,840.97,302.61,79.74,26.93,DEPRESSION,0.1
500,12.9141,74.856,2021-01-31 00:00:00,2021-02-01 00:00:00,5434.67,267.73,65.7,6.73,6.07,1006.89,0.0,1160.54,271.5,74.92,29.91,DEPRESSION,0.0
850,15.3647,75.124,2021-01-31 00:00:00,2021-02-01 00:00:00,1464.62,301.95,30.94,0.81,8.49,919.9,0.0,53.37,300.56,30.41,23.02,COASTAL_OROGRAPHIC,0.1
500,15.3647,75.124,2021-01-31 00:00:00,2021-02-01 00:00:00,5356.99,273.05,71.28,1.36,-0.86,920.29,6.71,1439.2,271.19,73.59,12.12,COASTAL_OROGRAPHIC,7.32
850,17.3297,76.8343,2021-01-31 00:00:00,2021-02-01 00:00:00,1503.04,301.54,52.22,2.57,3.65,927.93,0.0,38.11,311.42,42.46,38.24,NORMAL,0.0
500,17.3297,76.8343,2021-01-31 00:00:00,2021-02-01 00:00:00,5489.15,273.47,69.79,3.4,-1.49,918.96,0.0,302.8,275.97,74.04,13.54,NORMAL,0.0
850,12.9716,77.5946,2021-02-15 00:00:00,2021-02-16 00:00:00,1572.63,301.01,87.04,6.06,3.52,915.86,3.94,275.93,299.57,80.93,33.29,ACTIVE,4.37
500,12.9716,77.5946,2021-02-15 00:00:00,2021-02-16 00:00:00,5479.78,269.79,85.8,9.76,-0.76,917.96,8.64,604.65,275.76,85.9,19.6,ACTIVE,9.51
850,12.2958,76.6394,2021-02-15 00:00:00,2021-02-16 00:00:00,1542.7,297.43,30.7,3.62,0.48,920.48,0.0,129.76,301.51,41.17,18.8,BREAK,0.0
500,12.2958,76.6394,2021-02-15 00:00:00,2021-02-16 00:00:00,5380.33,271.76,78.9,5.12,3.51,919.94,0.0,141.1,268.97,87.76,36.63,BREAK,0.1
850,12.9141,74.856,2021-02-15 00:00:00,2021-02-16 00:00:00,1483.93,296.67,39.29,5.07,6.43,1002.83,0.0,110.19,305.27,43.66,23.25,COASTAL_OROGRAPHIC,0.0
500,12.9141,74.856,2021-02-15 00:00:00,2021-02-16 00:00:00,5359.25,264.81,82.83,-1.32,6.44,994.81,8.84,1128.01,274.11,77.82,20.45,COASTAL_OROGRAPHIC,9.74
850,15.3647,75.124,2021-02-15 00:00:00,2021-02-16 00:00:00,1497.59,296.1,37.72,3.61,-2.31,922.6,0.0,176.64,302.93,39.73,18.57,COASTAL_OROGRAPHIC,0.1
500,15.3647,75.124,2021-02-15 00:00:00,2021-02-16 00:00:00,5545.77,267.12,92.61,3.12,1.05,920.49,14.42,190.8,277.7,94.64,30.87,COASTAL_OROGRAPHIC,15.86
850,17.3297,76.8343,2021-02-15 00:00:00,2021-02-16 00:00:00,1461.63,308.61,52.14,1.45,4.91,912.74,0.0,139.2,306.83,45.36,20.6,NORMAL,0.1
500,17.3297,76.8343,2021-02-15 00:00:00,2021-02-16 00:00:00,5515.04,269.87,73.59,-7.56,2.45,922.86,0.0,888.21,274.51,82.75,37.98,NORMAL,0.0
850,12.9716,77.5946,2021-03-02 00:00:00,2021-03-03 00:00:00,1485.89,297.93,82.69,-6.57,6.42,919.43,0.0,995.13,302.93,82.41,35.94,DEPRESSION,0.1
500,12.9716,77.5946,2021-03-02 00:00:00,2021-03-03 00:00:00,5504.7,268.17,79.98,0.43,-5.4,913.16,2.57,714.2,270.08,86.37,13.41,DEPRESSION,2.86
850,12.2958,76.6394,2021-03-02 00:00:00,2021-03-03 00:00:00,1602.37,298.88,80.2,7.9,1.27,930.3,7.46,1202.14,301.11,78.86,10.86,ACTIVE,8.14
500,12.2958,76.6394,2021-03-02 00:00:00,2021-03-03 00:00:00,5636.86,270.09,75.77,-0.17,-0.37,911.35,0.0,1077.74,272.61,79.35,25.42,ACTIVE,0.1
850,12.9141,74.856,2021-03-02 00:00:00,2021-03-03 00:00:00,1566.72,297.69,70.44,-6.52,0.78,1006.92,0.39,486.92,306.4,63.23,29.61,COASTAL_OROGRAPHIC,0.55
500,12.9141,74.856,2021-03-02 00:00:00,2021-03-03 00:00:00,5406.01,270.25,41.82,5.74,-0.16,1015.28,0.0,84.03,273.26,39.44,21.63,COASTAL_OROGRAPHIC,0.0
850,15.3647,75.124,2021-03-02 00:00:00,2021-03-03 00:00:00,1460.36,296.56,41.51,-5.17,0.23,920.29,0.0,0.0,302.95,41.72,33.98,COASTAL_OROGRAPHIC,0.1
500,15.3647,75.124,2021-03-02 00:00:00,2021-03-03 00:00:00,5521.4,266.05,86.78,6.26,-1.48,916.32,0.0,731.8,272.6,75.27,28.55,COASTAL_OROGRAPHIC,0.0
850,17.3297,76.8343,2021-03-02 00:00:00,2021-03-03 00:00:00,1390.39,300.27,61.11,4.88,2.25,935.39,0.0,947.83,306.89,56.33,25.98,NORMAL,0.0
500,17.3297,76.8343,2021-03-02 00:00:00,2021-03-03 00:00:00,5409.55,269.72,40.75,-1.23,-3.33,928.44,0.0,144.08,277.13,48.15,12.61,NORMAL,0.0
850,12.9716,77.5946,2021-03-17 00:00:00,2021-03-18 00:00:00,1550.73,305.27,78.45,-3.19,0.24,915.62,2.19,0.0,299.32,83.16,39.6,ACTIVE,2.5
500,12.9716,77.5946,2021-03-17 00:00:00,2021-03-18 00:00:00,5556.3,263.95,36.62,-0.29,-1.5,918.09,0.0,79.33,271.49,33.89,36.9,ACTIVE,0.1
850,12.2958,76.6394,2021-03-17 00:00:00,2021-03-18 00:00:00,1458.45,298.3,56.68,3.95,0.66,921.19,0.0,113.68,301.7,54.01,30.06,NORMAL,0.1
500,12.2958,76.6394,2021-03-17 00:00:00,2021-03-18 00:00:00,5575.14,268.45,67.15,6.67,-2.05,917.18,0.0,99.18,273.71,53.45,17.27,NORMAL,0.0
850,12.9141,74.856,2021-03-17 00:00:00,2021-03-18 00:00:00,1454.78,299.93,48.76,-3.7,2.07,1018.92,0.0,19.45,303.85,46.72,25.38,COASTAL_OROGRAPHIC,0.0
500,12.9141,74.856,2021-03-17 00:00:00,2021-03-18 00:00:00,5442.31,272.17,46.55,7.53,4.09,1001.38,0.0,221.69,270.61,41.39,57.18,COASTAL_OROGRAPHIC,0.1
850,15.3647,75.124,2021-03-17 00:00:00,2021-03-18 00:00:00,1469.8,299.26,90.99,4.44,7.32,919.4,4.93,545.49,302.17,88.83,14.93,COASTAL_OROGRAPHIC,5.61
500,15.3647,75.124,2021-03-17 00:00:00,2021-03-18 00:00:00,5603.49,269.78,64.0,6.36,-0.3,926.01,0.0,336.77,269.07,58.96,23.88,COASTAL_OROGRAPHIC,0.1
850,17.3297,76.8343,2021-03-17 00:00:00,2021-03-18 00:00:00,1457.82,305.3,47.65,3.63,0.12,924.15,0.0,0.0,307.62,51.5,13.51,BREAK,0.0
500,17.3297,76.8343,2021-03-17 00:00:00,2021-03-18 00:00:00,5556.89,272.65,38.42,3.69,-0.66,923.16,0.0,213.53,277.51,39.66,14.55,BREAK,0.0
850,12.9716,77.5946,2021-04-01 00:00:00,2021-04-02 00:00:00,1459.15,294.88,78.36,2.36,-0.91,922.39,0.0,633.46,305.72,76.13,14.5,ACTIVE,0.1
500,12.9716,77.5946,2021-04-01 00:00:00,2021-04-02 00:00:00,5407.78,270.42,76.8,8.93,5.03,911.84,0.0,612.39,269.59,84.28,23.86,ACTIVE,0.0
850,12.2958,76.6394,2021-04-01 00:00:00,2021-04-02 00:00:00,1632.18,298.69,69.74,2.55,3.9,922.41,0.0,589.55,301.57,72.1,27.29,NORMAL,0.0
500,12.2958,76.6394,2021-04-01 00:00:00,2021-04-02 00:00:00,5688.68,264.13,77.87,-2.95,0.5,920.28,1.47,937.68,271.97,77.2,20.06,NORMAL,1.83
850,12.9141,74.856,2021-04-01 00:00:00,2021-04-02 00:00:00,1417.26,296.11,64.93,0.85,3.51,1011.35,0.0,172.61,301.14,63.63,38.1,COASTAL_OROGRAPHIC,0.1
500,12.9141,74.856,2021-04-01 00:00:00,2021-04-02 00:00:00,5472.73,268.41,62.39,6.02,0.37,1010.4,0.0,0.0,272.12,64.98,58.44,COASTAL_OROGRAPHIC,0.0
850,15.3647,75.124,2021-04-01 00:00:00,2021-04-02 00:00:00,1444.67,297.34,35.55,2.0,1.63,916.61,0.0,107.46,301.58,38.92,36.94,COASTAL_OROGRAPHIC,0.0
500,15.3647,75.124,2021-04-01 00:00:00,2021-04-02 00:00:00,5445.31,266.43,32.38,14.85,-3.43,926.94,0.0,0.0,268.99,26.17,26.79,COASTAL_OROGRAPHIC,0.0
850,17.3297,76.8343,2021-04-01 00:00:00,2021-04-02 00:00:00,1481.43,301.12,67.4,1.25,3.11,924.17,0.0,0.0,306.43,67.05,14.68,BREAK,0.1
500,17.3297,76.8343,2021-04-01 00:00:00,2021-04-02 00:00:00,5627.16,274.96,21.49,-1.52,-1.91,920.49,0.0,93.48,278.15,16.22,17.15,BREAK,0.0
850,12.9716,77.5946,2021-04-16 00:00:00,2021-04-17 00:00:00,1481.26,297.43,76.95,3.17,2.01,928.23,0.0,97.16,304.34,75.4,10.39,ACTIVE,0.0
500,12.9716,77.5946,2021-04-16 00:00:00,2021-04-17 00:00:00,5676.47,263.14,88.02,-0.61,5.2,916.48,1.46,0.0,274.66,80.96,22.28,ACTIVE,1.8
850,12.2958,76.6394,2021-04-16 00:00:00,2021-04-17 00:00:00,1584.82,291.9,49.14,6.86,0.88,918.32,0.0,167.3,307.46,52.5,17.74,NORMAL,0.1
500,12.2958,76.6394,2021-04-16 00:00:00,2021-04-17 00:00:00,5481.6,268.66,93.99,-4.44,1.4,911.85,1.04,720.75,275.21,96.35,16.19,NORMAL,1.34
850,12.9141,74.856,2021-04-16 00:00:00,2021-04-17 00:00:00,1578.52,304.01,73.23,-7.2,-4.12,1001.88,0.0,510.44,303.45,74.22,44.13,DEPRESSION,0.1
500,12.9141,74.856,2021-04-16 00:00:00,2021-04-17 00:00:00,5359.33,267.32,48.77,8.71,-2.54,1007.87,0.0,12.32,278.31,47.24,57.47,DEPRESSION,0.0
850,15.3647,75.124,2021-04-16 00:00:00,2021-04-17 00:00:00,1535.02,295.57,32.03,5.04,-5.08,919.97,0.0,67.06,299.77,36.96,33.13,COASTAL_OROGRAPHIC,0.0
500,15.3647,75.124,2021-04-16 00:00:00,2021-04-17 00:00:00,5677.08,268.05,74.75,-5.79,-0.6,922.5,2.93,713.04,274.39,66.9,20.83,COASTAL_OROGRAPHIC,3.43
850,17.3297,76.8343,2021-04-16 00:00:00,2021-04-17 00:00:00,1488.69,298.19,49.8,3.9,3.44,922.8,0.0,154.04,308.82,52.1,17.49,NORMAL,0.0
500,17.3297,76.8343,2021-04-16 00:00:00,2021-04-17 00:00:00,5494.21,267.57,74.32,4.15,1.83,921.36,9.35,0.0,278.04,73.26,39.13,NORMAL,10.34
850,12.9716,77.5946,2021-05-01 00:00:00,2021-05-02 00:00:00,1534.08,298.03,86.03,-0.33,4.55,912.97,0.0,700.41,303.59,83.64,20.2,ACTIVE,0.0
500,12.9716,77.5946,2021-05-01 00:00:00,2021-05-02 00:00:00,5513.5,267.37,50.49,9.23,1.79,925.16,0.0,25.72,273.68,54.94,16.99,ACTIVE,0.1
850,12.2958,76.6394,2021-05-01 00:00:00,2021-05-02 00:00:00,1502.35,300.29,81.92,-0.59,6.64,931.49,7.34,354.86,299.79,73.13,32.13,ACTIVE,8.14
500,12.2958,76.6394,2021-05-01 00:00:00,2021-05-02 00:00:00,5471.82,266.89,53.05,-3.03,-3.2,910.33,0.0,39.63,271.01,56.46,38.5,ACTIVE,0.0
850,12.9141,74.856,2021-05-01 00:00:00,2021-05-02 00:00:00,1489.3,302.1,91.41,13.55,-1.66,1010.84,0.59,1148.44,302.87,88.75,28.82,COASTAL_OROGRAPHIC,0.73
500,12.9141,74.856,2021-05-01 00:00:00,2021-05-02 00:00:00,5437.71,270.82,52.76,9.1,-1.28,1000.84,0.0,123.57,273.05,55.92,28.95,COASTAL_OROGRAPHIC,0.0
850,15.3647,75.124,2021-05-01 00:00:00,2021-05-02 00:00:00,1546.89,305.22,67.71,-1.06,-0.55,921.43,0.0,633.78,304.47,77.76,12.61,COASTAL_OROGRAPHIC,0.0
500,15.3647,75.124,2021-05-01 00:00:00,2021-05-02 00:00:00,5374.27,262.9,46.88,1.83,8.18,917.41,0.0,111.19,273.12,52.83,24.42,COASTAL_OROGRAPHIC,0.1
850,17.3297,76.8343,2021-05-01 00:00:00,2021-05-02 00:00:00,1517.16,305.77,39.13,5.41,8.39,922.92,0.0,82.04,308.33,44.67,35.52,NORMAL,0.0
500,17.3297,76.8343,2021-05-01 00:00:00,2021-05-02 00:00:00,5571.5,273.37,66.04,7.33,5.68,926.91,0.0,759.48,276.82,66.77,20.05,NORMAL,0.1
850,12.9716,77.5946,2021-05-16 00:00:00,2021-05-17 00:00:00,1524.75,296.08,83.17,2.14,6.11,920.96,2.0,518.57,304.66,76.42,26.2,ACTIVE,2.46
500,12.9716,77.5946,2021-05-16 00:00:00,2021-05-17 00:00:00,5521.92,267.23,79.47,4.69,1.19,926.04,10.44,0.0,272.26,80.44,19.03,ACTIVE,11.33
850,12.2958,76.6394,2021-05-16 00:00:00,2021-05-17 00:00:00,1508.73,297.06,67.84,7.98,-5.09,917.21,0.0,650.88,306.28,67.51,30.5,DEPRESSION,0.0
500,12.2958,76.6394,2021-05-16 00:00:00,2021-05-17 00:00:00,5459.35,263.05,94.81,-5.24,-7.8,922.2,2.92,299.18,275.39,100.0,18.2,DEPRESSION,3.36
850,12.9141,74.856,2021-05-16 00:00:00,2021-05-17 00:00:00,1495.04,301.1,57.28,-4.14,7.64,1009.49,0.0,89.67,302.73,53.94,21.25,DEPRESSION,0.0
500,12.9141,74.856,2021-05-16 00:00:00,2021-05-17 00:00:00,5644.38,265.4,86.18,4.53,0.88,1006.35,4.49,407.98,275.29,88.42,50.44,DEPRESSION,5.14
850,15.3647,75.124,2021-05-16 00:00:00,2021-05-17 00:00:00,1516.16,295.32,32.11,2.98,3.84,919.55,0.0,172.01,301.8,41.12,16.02,COASTAL_OROGRAPHIC,0.1
500,15.3647,75.124,2021-05-16 00:00:00,2021-05-17 00:00:00,5498.57,265.93,67.83,6.2,-1.61,917.77,0.0,0.0,272.25,55.71,28.0,COASTAL_OROGRAPHIC,0.1
850,17.3297,76.8343,2021-05-16 00:00:00,2021-05-17 00:00:00,1445.32,305.22,67.31,-2.83,0.81,919.98,0.0,36.65,310.16,71.69,26.79,NORMAL,0.0
500,17.3297,76.8343,2021-05-16 00:00:00,2021-05-17 00:00:00,5503.77,269.52,39.28,-3.01,-0.12,928.99,0.0,132.04,276.01,42.15,15.02,NORMAL,0.0
850,12.9716,77.5946,2021-05-31 00:00:00,2021-06-01 00:00:00,1460.07,298.98,75.92,2.3,-1.59,923.49,3.26,657.39,301.99,81.37,34.44,DEPRESSION,3.76
500,12.9716,77.5946,2021-05-31 00:00:00,2021-06-01 00:00:00,5519.76,272.1,59.4,4.01,9.73,918.15,0.0,110.23,271.09,56.75,33.69,DEPRESSION,0.0
850,12.2958,76.6394,2021-05-31 00:00:00,2021-06-01 00:00:00,1607.11,298.08,66.1,-2.67,4.01,914.36,0.0,725.71,302.15,67.16,10.92,NORMAL,0.0
500,12.2958,76.6394,2021-05-31 00:00:00,2021-06-01 00:00:00,5333.14,267.38,86.44,6.66,4.49,910.68,0.0,139.36,273.6,91.67,23.16,NORMAL,0.0
850,12.9141,74.856,2021-05-31 00:00:00,2021-06-01 00:00:00,1589.04,298.83,86.77,1.14,4.53,1008.26,9.17,0.0,305.22,80.5,45.26,COASTAL_OROGRAPHIC,10.12
500,12.9141,74.856,2021-05-31 00:00:00,2021-06-01 00:00:00,5539.58,267.27,76.53,3.62,-0.17,996.75,7.23,479.83,275.69,62.29,34.37,COASTAL_OROGRAPHIC,8.06
850,15.3647,75.124,2021-05-31 00:00:00,2021-06-01 00:00:00,1515.96,294.68,55.42,-4.47,5.64,917.66,0.0,117.33,303.06,57.81,17.08,COASTAL_OROGRAPHIC,0.1
500,15.3647,75.124,2021-05-31 00:00:00,2021-06-01 00:00:00,5525.42,261.86,83.88,-5.78,-0.71,927.5,0.0,840.09,274.84,89.99,24.24,COASTAL_OROGRAPHIC,0.0
850,17.3297,76.8343,2021-05-31 00:00:00,2021-06-01 00:00:00,1521.5,303.3,52.19,0.48,2.52,918.37,0.0,72.45,307.25,48.76,38.1,NORMAL,0.0
500,17.3297,76.8343,2021-05-31 00:00:00,2021-06-01 00:00:00,5491.93,274.35,37.39,-0.94,1.04,920.7,0.0,122.63,276.88,42.82,25.47,NORMAL,0.1
850,12.9716,77.5946,2021-06-15 00:00:00,2021-06-16 00:00:00,1493.02,304.42,39.08,-2.69,3.58,921.38,0.0,67.46,305.3,38.26,15.31,BREAK,0.1
500,12.9716,77.5946,2021-06-15 00:00:00,2021-06-16 00:00:00,5549.57,270.76,91.4,1.85,9.01,924.81,1.23,623.05,275.36,97.34,16.47,BREAK,1.62
850,12.2958,76.6394,2021-06-15 00:00:00,2021-06-16 00:00:00,1581.56,294.88,72.33,3.51,-2.02,919.68,7.23,631.5,303.83,79.51,32.15,NORMAL,8.1
500,12.2958,76.6394,2021-06-15 00:00:00,2021-06-16 00:00:00,5596.41,267.42,51.26,7.23,3.28,923.61,0.0,131.77,275.73,49.95,13.61,NORMAL,0.0
850,12.9141,74.856,2021-06-15 00:00:00,2021-06-16 00:00:00,1500.78,298.63,51.1,-4.39,-5.57,1000.57,0.0,177.63,301.04,49.58,34.93,COASTAL_OROGRAPHIC,0.1
500,12.9141,74.856,2021-06-15 00:00:00,2021-06-16 00:00:00,5600.98,274.08,70.27,-9.25,-1.73,1005.3,0.26,950.45,271.37,62.04,43.21,COASTAL_OROGRAPHIC,0.45
850,15.3647,75.124,2021-06-15 00:00:00,2021-06-16 00:00:00,1536.26,305.14,79.72,4.97,4.41,923.79,0.0,612.48,302.77,82.48,13.04,COASTAL_OROGRAPHIC,0.1
500,15.3647,75.124,2021-06-15 00:00:00,2021-06-16 00:00:00,5490.17,263.07,48.52,6.85,-1.47,910.44,0.0,119.84,276.18,52.38,18.18,COASTAL_OROGRAPHIC,0.0
850,17.3297,76.8343,2021-06-15 00:00:00,2021-06-16 00:00:00,1488.77,299.2,29.96,-2.85,3.2,929.23,0.0,111.11,307.47,25.28,17.7,BREAK,0.0
500,17.3297,76.8343,2021-06-15 00:00:00,2021-06-16 00:00:00,5555.25,272.09,64.33,-0.89,1.25,922.36,0.0,555.69,279.56,66.25,36.53,BREAK,0.0
850,12.9716,77.5946,2021-06-30 00:00:00,2021-07-01 00:00:00,1466.85,296.04,69.71,7.75,-0.2,918.62,0.0,800.55,304.64,66.21,18.24,NORMAL,0.1
500,12.9716,77.5946,2021-06-30 00:00:00,2021-07-01 00:00:00,5624.77,267.27,73.39,3.2,-2.13,931.11,0.0,4.87,274.42,75.46,16.5,NORMAL,0.1
850,12.2958,76.6394,2021-06-30 00:00:00,2021-07-01 00:00:00,1581.17,301.82,65.54,-0.79,-4.48,919.56,0.0,1531.88,301.54,73.73,22.85,NORMAL,0.1
500,12.2958,76.6394,2021-06-30 00:00:00,2021-07-01 00:00:00,5610.4,271.08,94.43,4.84,7.51,918.1,0.0,418.57,270.95,90.88,20.65,NORMAL,0.0
850,12.9141,74.856,2021-06-30 00:00:00,2021-07-01 00:00:00,1461.5,299.25,34.39,-1.11,3.81,1010.16,0.0,105.43,305.08,44.98,32.97,COASTAL_OROGRAPHIC,0.1
500,12.9141,74.856,2021-06-30 00:00:00,2021-07-01 00:00:00,5379.04,272.83,94.62,5.47,8.79,1003.7,0.0,1190.73,275.27,95.0,27.01,COASTAL_OROGRAPHIC,0.1
850,15.3647,75.124,2021-06-30 00:00:00,2021-07-01 00:00:00,1531.47,295.18,64.83,1.44,-2.62,916.32,0.0,994.44,305.33,67.87,37.82,COASTAL_OROGRAPHIC,0.1
500,15.3647,75.124,2021-06-30 00:00:00,2021-07-01 00:00:00,5359.29,266.55,39.91,8.07,1.57,931.6,0.0,119.67,273.53,38.36,13.83,COASTAL_OROGRAPHIC,0.0
850,17.3297,76.8343,2021-06-30 00:00:00,2021-07-01 00:00:00,1529.12,303.66,58.98,-1.93,-4.32,910.82,0.0,125.4,304.94,48.22,28.02,NORMAL,0.0
500,17.3297,76.8343,2021-06-30 00:00:00,2021-07-01 00:00:00,5503.13,274.66,47.33,2.41,0.6,924.6,0.0,85.49,277.68,48.94,33.7,NORMAL,0.1
850,12.9716,77.5946,2021-07-15 00:00:00,2021-07-16 00:00:00,1488.18,296.63,56.19,4.68,-2.59,920.14,0.0,99.54,305.32,58.57,13.98,NORMAL,0.0
500,12.9716,77.5946,2021-07-15 00:00:00,2021-07-16 00:00:00,5469.99,275.54,79.71,2.05,-4.25,914.67,0.0,377.91,274.17,79.98,22.97,NORMAL,0.0
850,12.2958,76.6394,2021-07-15 00:00:00,2021-07-16 00:00:00,1401.23,298.34,58.57,3.42,-2.17,922.7,0.0,35.88,301.22,60.65,11.84,BREAK,0.1
500,12.2958,76.6394,2021-07-15 00:00:00,2021-07-16 00:00:00,5649.07,267.51,33.78,-0.82,-0.64,918.16,0.0,64.66,273.75,30.64,11.87,BREAK,0.1
850,12.9141,74.856,2021-07-15 00:00:00,2021-07-16 00:00:00,1500.15,299.63,82.91,-5.67,4.65,1007.5,0.0,1415.47,301.42,81.78,34.71,DEPRESSION,0.0
500,12.9141,74.856,2021-07-15 00:00:00,2021-07-16 00:00:00,5468.33,272.77,77.68,-0.88,-9.36,1002.27,0.83,656.72,272.16,77.53,41.92,DEPRESSION,1.05
850,15.3647,75.124,2021-07-15 00:00:00,2021-07-16 00:00:00,1492.07,301.74,36.38,-3.97,0.84,925.84,0.0,56.85,298.54,34.15,21.83,COASTAL_OROGRAPHIC,0.1
500,15.3647,75.124,2021-07-15 00:00:00,2021-07-16 00:00:00,5479.07,272.56,87.99,7.71,-3.48,912.0,6.19,337.31,277.46,84.96,29.78,COASTAL_OROGRAPHIC,6.76
850,17.3297,76.8343,2021-07-15 00:00:00,2021-07-16 00:00:00,1539.97,302.98,53.77,2.16,-2.01,922.3,0.0,66.11,311.18,54.45,11.25,BREAK,0.0
500,17.3297,76.8343,2021-07-15 00:00:00,2021-07-16 00:00:00,5454.52,272.86,23.96,-4.74,-2.89,926.0,0.0,67.16,275.06,26.65,15.22,BREAK,0.1
850,12.9716,77.5946,2021-07-30 00:00:00,2021-07-31 00:00:00,1464.61,299.0,79.68,6.98,-2.03,912.89,0.0,1100.53,303.71,75.06,33.24,ACTIVE,0.1
500,12.9716,77.5946,2021-07-30 00:00:00,2021-07-31 00:00:00,5716.5,269.52,32.73,9.28,8.2,923.73,0.0,129.67,271.44,34.52,20.15,ACTIVE,0.1
850,12.2958,76.6394,2021-07-30 00:00:00,2021-07-31 00:00:00,1401.68,295.02,58.56,4.9,1.59,917.58,0.0,83.43,303.57,57.74,29.37,NORMAL,0.0
500,12.2958,76.6394,2021-07-30 00:00:00,2021-07-31 00:00:00,5441.69,270.73,85.99,6.19,-2.25,926.07,3.52,443.98,274.48,91.86,15.32,NORMAL,4.04
850,12.9141,74.856,2021-07-30 00:00:00,2021-07-31 00:00:00,1501.52,300.13,90.93,4.0,-1.61,1002.36,0.52,734.55,305.14,94.55,41.69,COASTAL_OROGRAPHIC,0.62
500,12.9141,74.856,2021-07-30 00:00:00,2021-07-31 00:00:00,5760.17,269.87,49.34,11.06,3.49,1006.64,0.0,145.01,272.91,51.73,38.46,COASTAL_OROGRAPHIC,0.0
850,15.3647,75.124,2021-07-30 00:00:00,2021-07-31 00:00:00,1457.47,297.52,82.0,3.3,-4.6,923.6,0.0,1078.6,305.54,78.96,26.63,COASTAL_OROGRAPHIC,0.0
500,15.3647,75.124,2021-07-30 00:00:00,2021-07-31 00:00:00,5389.37,263.8,39.68,5.61,-0.49,928.63,0.0,80.02,273.6,44.34,21.75,COASTAL_OROGRAPHIC,0.0
850,17.3297,76.8343,2021-07-30 00:00:00,2021-07-31 00:00:00,1462.45,307.19,20.18,-5.63,6.05,917.24,0.0,227.91,306.02,21.1,27.4,DEPRESSION,0.1
500,17.3297,76.8343,2021-07-30 00:00:00,2021-07-31 00:00:00,5688.66,277.73,53.19,7.12,3.37,923.89,0.0,72.44,275.51,53.17,11.76,DEPRESSION,0.0
850,12.9716,77.5946,2021-08-14 00:00:00,2021-08-15 00:00:00,1467.54,301.5,76.0,2.44,6.91,914.29,0.0,422.54,301.46,75.32,16.62,ACTIVE,0.0
500,12.9716,77.5946,2021-08-14 00:00:00,2021-08-15 00:00:00,5563.08,272.69,94.89,2.95,3.31,929.31,4.7,69.32,272.7,90.1,35.19,ACTIVE,5.35
850,12.2958,76.6394,2021-08-14 00:00:00,2021-08-15 00:00:00,1403.13,301.75,68.21,-0.44,-3.48,920.7,0.0,0.0,303.8,67.47,17.78,BREAK,0.0
500,12.2958,76.6394,2021-08-14 00:00:00,2021-08-15 00:00:00,5480.51,271.25,84.73,4.57,-1.13,914.15,0.0,0.0,273.56,82.83,24.89,BREAK,0.0
850,12.9141,74.856,2021-08-14 00:00:00,2021-08-15 00:00:00,1477.15,304.13,79.76,3.77,-3.39,1006.98,2.35,270.62,303.95,78.74,30.47,COASTAL_OROGRAPHIC,2.74
500,12.9141,74.856,2021-08-14 00:00:00,2021-08-15 00:00:00,5477.89,270.22,46.22,6.57,-2.21,1012.46,0.0,86.44,274.11,42.48,21.34,COASTAL_OROGRAPHIC,0.0
850,15.3647,75.124,2021-08-14 00:00:00,2021-08-15 00:00:00,1443.45,298.45,56.72,5.68,-0.13,920.33,0.0,125.8,300.02,54.08,31.92,COASTAL_OROGRAPHIC,0.0
500,15.3647,75.124,2021-08-14 00:00:00,2021-08-15 00:00:00,5556.71,264.82,66.75,4.33,0.86,911.92,0.0,965.9,271.68,62.7,35.52,COASTAL_OROGRAPHIC,0.0
850,17.3297,76.8343,2021-08-14 00:00:00,2021-08-15 00:00:00,1633.16,305.2,26.31,4.14,3.77,920.88,0.0,81.65,305.49,26.74,23.75,NORMAL,0.0
500,17.3297,76.8343,2021-08-14 00:00:00,2021-08-15 00:00:00,5494.2,268.35,72.01,4.18,4.62,908.19,2.26,96.11,275.73,72.38,25.38,NORMAL,2.73
850,12.9716,77.5946,2021-08-29 00:00:00,2021-08-30 00:00:00,1568.74,297.6,33.38,-1.14,3.41,916.45,0.0,74.48,305.47,29.54,25.58,NORMAL,0.1
500,12.9716,77.5946,2021-08-29 00:00:00,2021-08-30 00:00:00,5474.76,269.12,87.17,0.2,3.05,921.59,4.39,487.23,274.92,86.78,26.16,NORMAL,5.03
850,12.2958,76.6394,2021-08-29 00:00:00,2021-08-30 00:00:00,1499.73,295.23,72.69,-0.13,5.59,920.57,0.0,0.0,303.88,79.53,29.04,NORMAL,0.0
500,12.2958,76.6394,2021-08-29 00:00:00,2021-08-30 00:00:00,5628.1,266.81,89.48,-4.1,1.47,924.91,0.0,762.54,272.48,87.46,15.53,NORMAL,0.0
850,12.9141,74.856,2021-08-29 00:00:00,2021-08-30 00:00:00,1538.05,300.04,39.89,12.31,-3.27,1005.12,0.0,170.61,303.99,42.15,59.36,DEPRESSION,0.0
500,12.9141,74.856,2021-08-29 00:00:00,2021-08-30 00:00:00,5643.23,272.6,40.79,1.06,4.94,1010.94,0.0,229.48,275.31,42.42,23.18,DEPRESSION,0.1
850,15.3647,75.124,2021-08-29 00:00:00,2021-08-30 00:00:00,1529.82,295.73,85.78,2.84,6.27,914.97,0.19,955.95,302.82,92.31,20.73,COASTAL_OROGRAPHIC,0.26
500,15.3647,75.124,2021-08-29 00:00:00,2021-08-30 00:00:00,5497.71,272.04,51.79,4.73,-2.36,917.17,0.0,79.46,271.82,41.64,32.46,COASTAL_OROGRAPHIC,0.0
850,17.3297,76.8343,2021-08-29 00:00:00,2021-08-30 00:00:00,1576.07,305.8,39.38,1.48,5.9,920.19,0.0,106.78,307.89,35.43,19.75,NORMAL,0.1
500,17.3297,76.8343,2021-08-29 00:00:00,2021-08-30 00:00:00,5520.12,270.76,29.62,-0.01,3.1,917.45,0.0,138.88,279.9,34.68,25.38,NORMAL,0.1
850,12.9716,77.5946,2021-09-13 00:00:00,2021-09-14 00:00:00,1466.11,295.15,32.16,7.14,-4.27,923.62,0.0,133.37,300.73,36.33,37.22,DEPRESSION,0.0
500,12.9716,77.5946,2021-09-13 00:00:00,2021-09-14 00:00:00,5689.99,270.17,37.21,-6.52,-8.11,920.7,0.0,155.03,273.66,36.9,13.32,DEPRESSION,0.1
850,12.2958,76.6394,2021-09-13 00:00:00,2021-09-14 00:00:00,1495.47,296.54,78.09,0.89,2.69,917.82,9.08,800.23,304.63,81.17,10.54,ACTIVE,9.9
500,12.2958,76.6394,2021-09-13 00:00:00,2021-09-14 00:00:00,5447.32,270.82,48.3,3.84,8.35,918.88,0.0,82.53,273.11,46.78,19.04,ACTIVE,0.0
850,12.9141,74.856,2021-09-13 00:00:00,2021-09-14 00:00:00,1538.96,294.33,49.49,6.75,7.84,1004.48,0.0,91.56,304.29,55.3,22.55,COASTAL_OROGRAPHIC,0.0
500,12.9141,74.856,2021-09-13 00:00:00,2021-09-14 00:00:00,5616.35,270.19,37.47,6.88,3.0,1005.95,0.0,150.05,268.74,40.86,32.68,COASTAL_OROGRAPHIC,0.1
850,15.3647,75.124,2021-09-13 00:00:00,2021-09-14 00:00:00,1482.4,302.57,69.13,1.31,4.81,928.06,0.0,1025.97,306.43,72.84,17.12,COASTAL_OROGRAPHIC,0.1
500,15.3647,75.124,2021-09-13 00:00:00,2021-09-14 00:00:00,5503.02,265.25,54.99,12.85,0.3,920.62,0.0,127.57,273.24,63.47,29.02,COASTAL_OROGRAPHIC,0.0
850,17.3297,76.8343,2021-09-13 00:00:00,2021-09-14 00:00:00,1490.78,301.83,39.9,-1.06,0.85,917.85,0.0,65.38,304.34,39.49,28.32,NORMAL,0.0
500,17.3297,76.8343,2021-09-13 00:00:00,2021-09-14 00:00:00,5433.06,269.47,48.41,0.45,-2.01,921.6,0.0,167.02,273.4,48.99,37.95,NORMAL,0.0
850,12.9716,77.5946,2021-09-28 00:00:00,2021-09-29 00:00:00,1490.28,295.81,70.11,0.4,-2.18,925.38,0.4,508.52,302.35,66.84,21.84,NORMAL,0.6
500,12.9716,77.5946,2021-09-28 00:00:00,2021-09-29 00:00:00,5341.59,262.74,88.99,5.86,7.13,924.61,12.51,283.05,272.18,89.73,17.73,NORMAL,13.64
850,12.2958,76.6394,2021-09-28 00:00:00,2021-09-29 00:00:00,1469.26,298.58,74.63,0.66,-2.56,909.24,0.0,212.34,306.19,72.17,12.13,NORMAL,0.0
500,12.2958,76.6394,2021-09-28 00:00:00,2021-09-29 00:00:00,5435.0,267.48,91.21,8.13,5.63,925.88,0.0,0.0,274.57,92.38,28.38,NORMAL,0.0
850,12.9141,74.856,2021-09-28 00:00:00,2021-09-29 00:00:00,1531.83,300.29,37.84,-3.72,1.43,1004.83,0.0,89.59,303.89,28.43,43.09,COASTAL_OROGRAPHIC,0.0
500,12.9141,74.856,2021-09-28 00:00:00,2021-09-29 00:00:00,5573.26,263.27,77.4,6.85,2.71,1001.77,2.59,1210.12,272.26,71.92,51.56,COASTAL_OROGRAPHIC,2.94
850,15.3647,75.124,2021-09-28 00:00:00,2021-09-29 00:00:00,1487.5,302.33,83.46,-7.1,-1.77,910.82,1.59,968.5,305.22,89.09,21.24,COASTAL_OROGRAPHIC,1.96
500,15.3647,75.124,2021-09-28 00:00:00,2021-09-29 00:00:00,5378.55,267.39,39.27,0.46,4.12,926.55,0.0,169.78,272.03,38.22,22.29,COASTAL_OROGRAPHIC,0.0
850,17.3297,76.8343,2021-09-28 00:00:00,2021-09-29 00:00:00,1440.83,305.48,53.32,-4.17,-1.37,919.87,0.0,114.01,305.53,55.44,24.57,NORMAL,0.0
500,17.3297,76.8343,2021-09-28 00:00:00,2021-09-29 00:00:00,5452.43,272.17,73.02,-0.18,0.56,919.56,0.0,352.0,273.54,71.25,37.0,NORMAL,0.0
850,12.9716,77.5946,2021-10-13 00:00:00,2021-10-14 00:00:00,1483.31,300.24,69.19,-5.7,-4.95,922.64,0.0,0.0,303.52,63.29,26.25,NORMAL,0.0
500,12.9716,77.5946,2021-10-13 00:00:00,2021-10-14 00:00:00,5550.08,270.06,58.63,-3.32,-2.49,913.69,0.0,56.75,273.27,61.1,20.42,NORMAL,0.1
850,12.2958,76.6394,2021-10-13 00:00:00,2021-10-14 00:00:00,1511.96,294.93,58.86,0.97,10.34,921.46,0.0,144.97,307.07,64.5,16.04,DEPRESSION,0.0
500,12.2958,76.6394,2021-10-13 00:00:00,2021-10-14 00:00:00,5489.41,266.75,60.91,-5.62,1.96,921.33,0.0,1207.65,272.43,62.31,33.83,DEPRESSION,0.0
850,12.9141,74.856,2021-10-13 00:00:00,2021-10-14 00:00:00,1481.52,301.01,91.36,1.38,-3.69,1004.93,6.96,656.21,300.6,97.67,31.43,COASTAL_OROGRAPHIC,7.72
500,12.9141,74.856,2021-10-13 00:00:00,2021-10-14 00:00:00,5427.47,271.07,55.13,-8.68,13.55,1010.28,0.0,111.16,274.04,56.55,53.1,COASTAL_OROGRAPHIC,0.1
850,15.3647,75.124,2021-10-13 00:00:00,2021-10-14 00:00:00,1574.6,299.39,92.14,1.01,0.39,919.03,6.39,953.51,302.88,97.16,25.31,COASTAL_OROGRAPHIC,7.07
500,15.3647,75.124,2021-10-13 00:00:00,2021-10-14 00:00:00,5519.47,270.12,31.24,11.79,0.03,924.76,0.0,155.06,272.33,27.51,20.76,COASTAL_OROGRAPHIC,0.0
850,17.3297,76.8343,2021-10-13 00:00:00,2021-10-14 00:00:00,1543.12,300.27,31.59,-0.68,4.43,922.58,0.0,135.78,307.99,28.62,33.07,NORMAL,0.0
500,17.3297,76.8343,2021-10-13 00:00:00,2021-10-14 00:00:00,5570.83,275.72,66.53,-1.84,1.85,915.9,0.0,490.39,273.87,58.36,11.98,NORMAL,0.0
850,12.9716,77.5946,2021-10-28 00:00:00,2021-10-29 00:00:00,1484.6,295.77,82.54,2.15,3.43,917.68,0.47,412.22,304.47,87.22,11.51,ACTIVE,0.61
500,12.9716,77.5946,2021-10-28 00:00:00,2021-10-29 00:00:00,5429.04,267.67,49.19,-1.85,-2.76,924.15,0.0,90.31,272.62,39.17,16.78,ACTIVE,0.0
850,12.2958,76.6394,2021-10-28 00:00:00,2021-10-29 00:00:00,1501.16,298.39,69.23,8.8,-4.24,904.9,0.0,573.54,306.75,75.42,12.15,NORMAL,0.1
500,12.2958,76.6394,2021-10-28 00:00:00,2021-10-29 00:00:00,5578.22,264.83,76.41,4.38,3.02,925.3,0.0,1603.86,271.67,80.86,24.9,NORMAL,0.1
850,12.9141,74.856,2021-10-28 00:00:00,2021-10-29 00:00:00,1479.54,297.07,70.92,-1.13,1.06,1009.78,0.0,86.85,305.8,66.59,32.65,COASTAL_OROGRAPHIC,0.0
500,12.9141,74.856,2021-10-28 00:00:00,2021-10-29 00:00:00,5422.25,268.33,47.58,-0.38,4.5,1006.31,0.0,109.68,275.85,46.89,35.09,COASTAL_OROGRAPHIC,0.1
850,15.3647,75.124,2021-10-28 00:00:00,2021-10-29 00:00:00,1599.08,297.95,55.2,9.11,4.7,924.83,0.0,161.81,303.33,56.18,18.94,COASTAL_OROGRAPHIC,0.1
500,15.3647,75.124,2021-10-28 00:00:00,2021-10-29 00:00:00,5471.53,268.76,71.87,1.3,-0.8,920.0,0.0,740.48,270.27,70.82,21.06,COASTAL_OROGRAPHIC,0.1
850,17.3297,76.8343,2021-10-28 00:00:00,2021-10-29 00:00:00,1492.61,300.63,62.22,8.18,-0.28,918.02,0.0,693.01,306.41,72.74,36.4,DEPRESSION,0.0
500,17.3297,76.8343,2021-10-28 00:00:00,2021-10-29 00:00:00,5392.81,274.16,53.43,-1.71,-0.67,926.37,0.0,140.5,279.3,46.58,21.85,DEPRESSION,0.0
850,12.9716,77.5946,2021-11-12 00:00:00,2021-11-13 00:00:00,1531.92,295.45,87.86,-2.39,-4.65,911.28,6.02,547.61,302.69,82.89,24.79,ACTIVE,6.58
500,12.9716,77.5946,2021-11-12 00:00:00,2021-11-13 00:00:00,5259.01,270.49,68.68,1.9,-0.05,920.11,0.0,718.85,270.79,74.26,33.22,ACTIVE,0.0
850,12.2958,76.6394,2021-11-12 00:00:00,2021-11-13 00:00:00,1577.38,298.51,93.44,5.36,3.37,918.23,0.0,270.56,305.11,89.73,25.54,ACTIVE,0.0
500,12.2958,76.6394,2021-11-12 00:00:00,2021-11-13 00:00:00,5353.25,264.43,30.09,6.94,-4.41,923.35,0.0,133.85,268.6,25.41,19.09,ACTIVE,0.0
850,12.9141,74.856,2021-11-12 00:00:00,2021-11-13 00:00:00,1417.84,298.84,78.58,-1.48,0.84,1007.69,0.0,520.65,301.63,75.5,27.83,COASTAL_OROGRAPHIC,0.0
500,12.9141,74.856,2021-11-12 00:00:00,2021-11-13 00:00:00,5400.58,270.17,80.79,-3.56,1.99,1007.49,0.0,956.06,271.81,85.03,33.81,COASTAL_OROGRAPHIC,0.0
850,15.3647,75.124,2021-11-12 00:00:00,2021-11-13 00:00:00,1523.32,297.45,60.55,3.65,3.48,914.55,0.0,437.67,303.23,63.47,17.26,COASTAL_OROGRAPHIC,0.0
500,15.3647,75.124,2021-11-12 00:00:00,2021-11-13 00:00:00,5500.68,274.22,34.96,6.21,-1.47,930.94,0.0,5.28,272.02,34.54,14.97,COASTAL_OROGRAPHIC,0.1
850,17.3297,76.8343,2021-11-12 00:00:00,2021-11-13 00:00:00,1486.67,297.88,22.75,4.24,2.48,920.24,0.0,116.59,306.3,14.66,27.81,NORMAL,0.0
500,17.3297,76.8343,2021-11-12 00:00:00,2021-11-13 00:00:00,5433.8,272.72,73.96,4.74,-1.32,920.13,15.93,728.84,275.87,76.4,24.31,NORMAL,17.5
850,12.9716,77.5946,2021-11-27 00:00:00,2021-11-28 00:00:00,1541.54,295.27,71.64,-2.78,2.89,927.42,0.45,642.25,304.39,70.6,16.86,NORMAL,0.68
500,12.9716,77.5946,2021-11-27 00:00:00,2021-11-28 00:00:00,5560.45,264.4,50.91,4.35,3.86,919.23,0.0,56.35,273.11,48.48,29.87,NORMAL,0.0
850,12.2958,76.6394,2021-11-27 00:00:00,2021-11-28 00:00:00,1467.62,297.07,55.86,-4.72,-5.41,921.24,0.0,107.52,303.35,58.8,20.71,NORMAL,0.1
500,12.2958,76.6394,2021-11-27 00:00:00,2021-11-28 00:00:00,5579.06,266.1,66.66,8.89,-3.98,916.45,0.0,260.92,270.1,66.83,11.17,NORMAL,0.0
850,12.9141,74.856,2021-11-27 00:00:00,2021-11-28 00:00:00,1534.32,297.93,91.78,-5.7,8.93,1007.75,4.11,1553.69,302.35,85.13,55.76,DEPRESSION,4.55
500,12.9141,74.856,2021-11-27 00:00:00,2021-11-28 00:00:00,5459.46,273.38,60.96,-5.26,0.95,998.74,0.0,645.45,275.92,58.86,28.28,DEPRESSION,0.0
850,15.3647,75.124,2021-11-27 00:00:00,2021-11-28 00:00:00,1535.48,298.18,56.61,4.18,2.62,926.18,0.0,46.45,304.51,62.57,14.55,COASTAL_OROGRAPHIC,0.0
500,15.3647,75.124,2021-11-27 00:00:00,2021-11-28 00:00:00,5605.25,268.48,48.36,-0.52,0.67,921.74,0.0,75.64,271.8,48.53,39.19,COASTAL_OROGRAPHIC,0.1
850,17.3297,76.8343,2021-11-27 00:00:00,2021-11-28 00:00:00,1448.84,299.96,36.72,5.4,-3.6,923.33,0.0,123.13,303.7,33.33,19.76,NORMAL,0.0
500,17.3297,76.8343,2021-11-27 00:00:00,2021-11-28 00:00:00,5557.96,274.74,29.99,5.92,-0.01,917.01,0.0,171.12,280.63,34.88,12.35,NORMAL,0.1
850,12.9716,77.5946,2021-12-12 00:00:00,2021-12-13 00:00:00,1519.16,303.56,40.88,4.09,6.61,923.25,0.0,24.85,305.25,35.89,32.77,NORMAL,0.0
500,12.9716,77.5946,2021-12-12 00:00:00,2021-12-13 00:00:00,5404.38,268.25,63.08,5.03,0.27,922.67,0.0,855.06,272.51,72.05,37.63,NORMAL,0.1
850,12.2958,76.6394,2021-12-12 00:00:00,2021-12-13 00:00:00,1546.21,301.41,86.01,6.19,-1.47,917.21,0.0,59.94,305.27,90.7,26.86,ACTIVE,0.0
500,12.2958,76.6394,2021-12-12 00:00:00,2021-12-13 00:00:00,5566.87,268.13,54.73,4.27,-1.14,916.44,0.0,172.22,273.03,57.01,17.05,ACTIVE,0.0
850,12.9141,74.856,2021-12-12 00:00:00,2021-12-13 00:00:00,1528.76,301.82,65.52,11.1,1.16,1003.81,0.0,607.61,304.64,72.45,35.86,DEPRESSION,0.1
500,12.9141,74.856,2021-12-12 00:00:00,2021-12-13 00:00:00,5413.72,267.71,48.85,3.88,4.24,1001.75,0.0,138.6,276.37,58.53,53.31,DEPRESSION,0.0
850,15.3647,75.124,2021-12-12 00:00:00,2021-12-13 00:00:00,1507.17,297.04,65.68,-3.01,-3.41,926.25,0.0,0.0,305.59,61.33,22.14,COASTAL_OROGRAPHIC,0.0
500,15.3647,75.124,2021-12-12 00:00:00,2021-12-13 00:00:00,5329.26,266.54,74.55,-0.16,0.35,922.71,2.13,438.61,275.38,81.8,15.97,COASTAL_OROGRAPHIC,2.39
850,17.3297,76.8343,2021-12-12 00:00:00,2021-12-13 00:00:00,1475.26,306.71,25.58,-2.82,-2.83,921.72,0.0,97.57,307.22,21.78,15.38,BREAK,0.1
500,17.3297,76.8343,2021-12-12 00:00:00,2021-12-13 00:00:00,5438.66,276.69,58.75,-7.23,-2.72,912.52,0.0,67.5,276.98,51.5,18.06,BREAK,0.1
850,12.9716,77.5946,2021-12-27 00:00:00,2021-12-28 00:00:00,1435.7,301.0,92.95,-1.61,1.71,917.27,1.57,391.34,306.15,99.19,18.02,ACTIVE,1.99
500,12.9716,77.5946,2021-12-27 00:00:00,2021-12-28 00:00:00,5385.17,270.58,75.93,-5.87,4.7,923.28,7.05,0.0,274.25,77.63,16.08,ACTIVE,7.85
850,12.2958,76.6394,2021-12-27 00:00:00,2021-12-28 00:00:00,1536.24,303.14,74.21,0.85,0.83,912.34,0.0,705.7,302.93,76.69,35.19,ACTIVE,0.1
500,12.2958,76.6394,2021-12-27 00:00:00,2021-12-28 00:00:00,5398.03,269.84,93.51,-2.32,0.44,921.58,0.0,575.86,272.28,85.47,31.7,ACTIVE,0.1
850,12.9141,74.856,2021-12-27 00:00:00,2021-12-28 00:00:00,1495.66,299.2,69.86,-4.46,3.76,1002.49,0.0,605.39,304.74,68.69,49.55,COASTAL_OROGRAPHIC,0.1
500,12.9141,74.856,2021-12-27 00:00:00,2021-12-28 00:00:00,5412.95,267.05,46.09,1.66,-1.86,1008.41,0.0,174.36,272.99,47.29,58.06,COASTAL_OROGRAPHIC,0.0
850,15.3647,75.124,2021-12-27 00:00:00,2021-12-28 00:00:00,1522.63,299.37,83.49,2.38,3.97,922.41,3.79,4.94,303.46,92.05,12.05,COASTAL_OROGRAPHIC,4.26
500,15.3647,75.124,2021-12-27 00:00:00,2021-12-28 00:00:00,5479.07,270.2,67.99,-6.59,2.14,924.05,0.0,392.14,275.36,71.2,23.63,COASTAL_OROGRAPHIC,0.0
850,17.3297,76.8343,2021-12-27 00:00:00,2021-12-28 00:00:00,1534.65,298.13,58.8,-6.08,-7.14,922.69,0.0,109.21,306.19,49.93,10.66,DEPRESSION,0.1
500,17.3297,76.8343,2021-12-27 00:00:00,2021-12-28 00:00:00,5308.03,272.23,23.09,5.97,0.93,921.26,0.0,81.19,280.65,18.0,17.81,DEPRESSION,0.0
850,12.9716,77.5946,2022-01-11 00:00:00,2022-01-12 00:00:00,1486.01,297.31,34.58,4.71,-3.16,920.68,0.0,108.25,301.76,36.23,18.68,BREAK,0.0
500,12.9716,77.5946,2022-01-11 00:00:00,2022-01-12 00:00:00,5417.46,264.89,63.48,-8.72,3.13,925.24,0.0,313.28,271.81,68.5,37.41,BREAK,0.0
850,12.2958,76.6394,2022-01-11 00:00:00,2022-01-12 00:00:00,1516.39,297.77,53.04,5.54,1.04,925.32,0.0,0.0,300.35,53.11,35.76,NORMAL,0.1
500,12.2958,76.6394,2022-01-11 00:00:00,2022-01-12 00:00:00,5548.27,270.92,85.82,0.05,7.36,914.48,2.6,643.61,274.26,81.23,16.89,NORMAL,3.03
850,12.9141,74.856,2022-01-11 00:00:00,2022-01-12 00:00:00,1587.23,299.49,40.49,-1.55,-4.03,1003.91,0.0,84.58,309.0,42.65,29.81,COASTAL_OROGRAPHIC,0.0
500,12.9141,74.856,2022-01-11 00:00:00,2022-01-12 00:00:00,5440.71,268.71,45.22,7.11,9.35,997.07,0.0,6.0,277.89,47.17,48.09,COASTAL_OROGRAPHIC,0.1
850,15.3647,75.124,2022-01-11 00:00:00,2022-01-12 00:00:00,1435.14,298.15,56.78,3.64,4.7,914.93,0.0,104.28,301.3,58.05,20.12,COASTAL_OROGRAPHIC,0.0
500,15.3647,75.124,2022-01-11 00:00:00,2022-01-12 00:00:00,5419.39,269.45,43.41,6.29,0.06,920.19,0.0,27.57,272.55,43.16,33.78,COASTAL_OROGRAPHIC,0.0
850,17.3297,76.8343,2022-01-11 00:00:00,2022-01-12 00:00:00,1461.75,302.01,50.84,9.32,4.99,921.4,0.0,187.93,307.89,52.78,35.3,DEPRESSION,0.0
500,17.3297,76.8343,2022-01-11 00:00:00,2022-01-12 00:00:00,5481.31,265.89,63.54,-4.6,0.19,916.0,0.0,474.59,279.62,61.25,37.05,DEPRESSION,0.1
850,12.9716,77.5946,2022-01-26 00:00:00,2022-01-27 00:00:00,1547.03,297.32,65.21,-1.03,1.85,926.0,0.0,303.24,299.4,68.31,16.6,NORMAL,0.0
500,12.9716,77.5946,2022-01-26 00:00:00,2022-01-27 00:00:00,5352.91,264.39,34.47,-1.02,-7.82,924.49,0.0,163.74,274.45,28.78,24.52,NORMAL,0.0
850,12.2958,76.6394,2022-01-26 00:00:00,2022-01-27 00:00:00,1575.65,298.96,34.32,4.29,6.82,923.52,0.0,139.45,303.32,41.37,14.21,BREAK,0.0
500,12.2958,76.6394,2022-01-26 00:00:00,2022-01-27 00:00:00,5652.62,271.37,78.25,-0.22,-0.92,921.48,8.94,685.27,274.23,85.46,29.62,BREAK,9.8
850,12.9141,74.856,2022-01-26 00:00:00,2022-01-27 00:00:00,1547.07,299.72,71.11,1.54,-3.87,1000.06,0.0,873.29,301.97,67.18,28.6,COASTAL_OROGRAPHIC,0.1
500,12.9141,74.856,2022-01-26 00:00:00,2022-01-27 00:00:00,5484.33,271.7,62.96,-2.54,7.08,1007.55,0.0,912.23,272.83,67.23,47.69,COASTAL_OROGRAPHIC,0.0
850,15.3647,75.124,2022-01-26 00:00:00,2022-01-27 00:00:00,1497.36,298.44,71.36,-3.88,-2.58,922.99,0.0,120.66,300.1,74.45,29.86,COASTAL_OROGRAPHIC,0.1
500,15.3647,75.124,2022-01-26 00:00:00,2022-01-27 00:00:00,5562.56,269.81,79.46,-2.75,6.74,917.7,0.0,473.44,273.85,71.63,11.17,COASTAL_OROGRAPHIC,0.0
850,17.3297,76.8343,2022-01-26 00:00:00,2022-01-27 00:00:00,1558.23,298.44,69.39,0.35,3.93,921.68,0.0,626.46,308.09,61.71,12.02,NORMAL,0.0
500,17.3297,76.8343,2022-01-26 00:00:00,2022-01-27 00:00:00,5418.87,275.63,64.37,-3.08,0.02,919.8,0.0,446.2,277.82,71.52,19.38,NORMAL,0.0
850,12.9716,77.5946,2022-02-10 00:00:00,2022-02-11 00:00:00,1534.59,294.55,30.93,5.11,6.32,921.93,0.0,154.55,307.17,36.05,35.93,NORMAL,0.1
500,12.9716,77.5946,2022-02-10 00:00:00,2022-02-11 00:00:00,5675.48,273.05,94.39,0.24,7.25,915.91,0.0,1112.95,274.56,95.19,37.87,NORMAL,0.0
850,12.2958,76.6394,2022-02-10 00:00:00,2022-02-11 00:00:00,1395.0,299.25,43.76,7.59,3.2,923.46,0.0,179.87,303.02,40.49,30.24,NORMAL,0.0
500,12.2958,76.6394,2022-02-10 00:00:00,2022-02-11 00:00:00,5648.17,264.97,91.21,2.01,-4.11,925.56,2.23,931.06,271.67,88.78,29.08,NORMAL,2.48
850,12.9141,74.856,2022-02-10 00:00:00,2022-02-11 00:00:00,1518.67,295.53,75.83,11.94,-1.12,1003.32,0.0,636.94,305.2,82.49,47.99,DEPRESSION,0.0
500,12.9141,74.856,2022-02-10 00:00:00,2022-02-11 00:00:00,5546.33,270.39,92.46,-2.9,13.25,999.48,1.25,374.98,274.92,91.44,43.33,DEPRESSION,1.42
850,15.3647,75.124,2022-02-10 00:00:00,2022-02-11 00:00:00,1555.65,292.93,33.38,1.63,-0.81,920.98,0.0,62.09,300.89,36.49,35.89,COASTAL_OROGRAPHIC,0.1
500,15.3647,75.124,2022-02-10 00:00:00,2022-02-11 00:00:00,5521.19,267.65,77.93,6.48,-1.53,921.27,15.13,828.14,275.53,77.33,11.87,COASTAL_OROGRAPHIC,16.59
850,17.3297,76.8343,2022-02-10 00:00:00,2022-02-11 00:00:00,1490.18,300.6,73.64,3.72,2.23,916.67,0.0,428.92,306.8,65.9,18.06,NORMAL,0.0
500,17.3297,76.8343,2022-02-10 00:00:00,2022-02-11 00:00:00,5453.72,267.04,63.91,-4.02,-3.17,917.56,0.0,359.23,275.61,57.43,30.22,NORMAL,0.1
850,12.9716,77.5946,2022-02-25 00:00:00,2022-02-26 00:00:00,1516.6,297.01,52.27,1.84,-2.39,922.87,0.0,10.71,302.43,53.78,27.42,NORMAL,0.0
500,12.9716,77.5946,2022-02-25 00:00:00,2022-02-26 00:00:00,5501.8,264.65,70.56,1.52,-6.1,919.6,0.0,166.78,270.78,58.95,31.75,NORMAL,0.0
850,12.2958,76.6394,2022-02-25 00:00:00,2022-02-26 00:00:00,1540.71,303.65,80.51,-0.07,4.22,926.12,19.76,554.73,302.59,84.73,15.85,ACTIVE,21.62
500,12.2958,76.6394,2022-02-25 00:00:00,2022-02-26 00:00:00,5492.53,273.26,62.02,8.23,0.75,924.76,0.0,353.4,269.74,57.39,23.62,ACTIVE,0.0
850,12.9141,74.856,2022-02-25 00:00:00,2022-02-26 00:00:00,1517.25,297.68,42.77,11.52,7.5,1016.09,0.0,92.05,304.74,35.18,34.89,DEPRESSION,0.0
500,12.9141,74.856,2022-02-25 00:00:00,2022-02-26 00:00:00,5540.21,266.47,67.11,-0.94,-2.35,1001.96,0.0,284.35,273.05,71.27,57.08,DEPRESSION,0.1
850,15.3647,75.124,2022-02-25 00:00:00,2022-02-26 00:00:00,1522.25,298.35,39.3,8.09,-1.05,916.41,0.0,88.47,305.51,40.27,33.88,COASTAL_OROGRAPHIC,0.1
500,15.3647,75.124,2022-02-25 00:00:00,2022-02-26 00:00:00,5402.22,269.71,44.33,4.04,-0.23,915.81,0.0,55.67,274.22,50.48,32.51,COASTAL_OROGRAPHIC,0.1
850,17.3297,76.8343,2022-02-25 00:00:00,2022-02-26 00:00:00,1440.81,301.72,39.32,1.84,-2.64,915.32,0.0,66.61,307.73,38.38,24.04,NORMAL,0.0
500,17.3297,76.8343,2022-02-25 00:00:00,2022-02-26 00:00:00,5479.42,276.92,28.5,-11.74,-1.0,917.37,0.0,169.42,276.38,30.41,10.91,NORMAL,0.1
850,12.9716,77.5946,2022-03-12 00:00:00,2022-03-13 00:00:00,1444.5,296.35,63.19,5.84,1.86,922.54,0.0,2070.5,298.98,71.81,35.18,ACTIVE,0.0
500,12.9716,77.5946,2022-03-12 00:00:00,2022-03-13 00:00:00,5469.85,263.49,33.22,-0.85,2.32,912.41,0.0,137.53,272.32,27.57,34.04,ACTIVE,0.1
850,12.2958,76.6394,2022-03-12 00:00:00,2022-03-13 00:00:00,1469.25,302.44,38.16,-1.65,4.03,923.43,0.0,192.43,302.8,41.5,11.98,BREAK,0.0
500,12.2958,76.6394,2022-03-12 00:00:00,2022-03-13 00:00:00,5513.78,272.75,45.24,1.03,0.74,920.46,0.0,112.61,272.92,46.31,28.34,BREAK,0.0
850,12.9141,74.856,2022-03-12 00:00:00,2022-03-13 00:00:00,1557.34,295.63,85.13,-2.45,4.82,1009.38,20.08,1089.07,301.97,78.73,23.16,COASTAL_OROGRAPHIC,21.75
500,12.9141,74.856,2022-03-12 00:00:00,2022-03-13 00:00:00,5460.75,264.23,52.32,-0.34,-3.62,999.52,0.0,114.92,274.04,54.74,40.06,COASTAL_OROGRAPHIC,0.0
850,15.3647,75.124,2022-03-12 00:00:00,2022-03-13 00:00:00,1418.48,297.59,73.02,6.12,4.26,924.33,5.5,566.66,301.25,81.76,22.07,COASTAL_OROGRAPHIC,6.11
500,15.3647,75.124,2022-03-12 00:00:00,2022-03-13 00:00:00,5559.39,267.34,74.92,-2.12,-1.43,917.36,0.0,77.38,273.61,83.48,18.64,COASTAL_OROGRAPHIC,0.1
850,17.3297,76.8343,2022-03-12 00:00:00,2022-03-13 00:00:00,1496.57,296.41,52.78,-4.05,0.05,920.61,0.0,49.57,306.6,56.36,31.99,NORMAL,0.0
500,17.3297,76.8343,2022-03-12 00:00:00,2022-03-13 00:00:00,5519.98,273.78,65.15,11.55,4.24,918.92,0.0,843.73,278.08,67.69,13.13,NORMAL,0.1
850,12.9716,77.5946,2022-03-27 00:00:00,2022-03-28 00:00:00,1620.58,294.76,37.72,2.74,-1.72,922.12,0.0,204.04,299.66,40.63,38.15,NORMAL,0.1
500,12.9716,77.5946,2022-03-27 00:00:00,2022-03-28 00:00:00,5413.96,262.43,33.27,2.65,-0.21,912.4,0.0,88.3,270.32,36.54,27.33,NORMAL,0.1
850,12.2958,76.6394,2022-03-27 00:00:00,2022-03-28 00:00:00,1476.44,301.4,83.35,-8.82,-0.31,925.77,0.0,292.56,300.11,69.18,35.23,DEPRESSION,0.0
500,12.2958,76.6394,2022-03-27 00:00:00,2022-03-28 00:00:00,5369.87,266.48,82.55,-0.06,5.62,910.65,10.48,344.59,273.82,92.33,10.98,DEPRESSION,11.5
850,12.9141,74.856,2022-03-27 00:00:00,2022-03-28 00:00:00,1467.09,291.69,40.48,2.8,1.21,1013.62,0.0,124.95,303.88,36.95,24.65,COASTAL_OROGRAPHIC,0.0
500,12.9141,74.856,2022-03-27 00:00:00,2022-03-28 00:00:00,5515.7,270.98,73.02,0.92,-1.52,994.07,5.97,957.53,275.0,79.0,34.94,COASTAL_OROGRAPHIC,6.54
850,15.3647,75.124,2022-03-27 00:00:00,2022-03-28 00:00:00,1485.56,296.75,53.07,10.67,-2.43,917.22,0.0,110.22,300.75,51.09,14.7,DEPRESSION,0.0
500,15.3647,75.124,2022-03-27 00:00:00,2022-03-28 00:00:00,5470.77,264.55,87.16,-5.57,2.29,928.77,12.86,507.36,273.86,85.88,38.03,DEPRESSION,14.15
850,17.3297,76.8343,2022-03-27 00:00:00,2022-03-28 00:00:00,1534.64,302.83,54.64,9.32,-1.25,929.95,0.0,117.55,310.4,52.13,34.73,DEPRESSION,0.0
500,17.3297,76.8343,2022-03-27 00:00:00,2022-03-28 00:00:00,5475.15,272.85,49.72,0.84,5.66,923.66,0.0,89.33,278.46,47.35,24.52,DEPRESSION,0.0
850,12.9716,77.5946,2022-04-11 00:00:00,2022-04-12 00:00:00,1507.18,292.3,67.25,0.87,0.66,927.54,0.0,223.14,305.77,61.35,34.16,NORMAL,0.0
500,12.9716,77.5946,2022-04-11 00:00:00,2022-04-12 00:00:00,5557.99,267.76,80.91,2.37,-0.35,926.41,0.0,935.1,270.56,83.78,19.22,NORMAL,0.0
850,12.2958,76.6394,2022-04-11 00:00:00,2022-04-12 00:00:00,1563.07,291.41,40.41,0.5,-3.84,921.94,0.0,112.57,302.76,36.64,13.01,BREAK,0.0
500,12.2958,76.6394,2022-04-11 00:00:00,2022-04-12 00:00:00,5534.44,264.75,45.2,4.46,-0.43,919.3,0.0,136.98,269.33,51.79,10.86,BREAK,0.0
850,12.9141,74.856,2022-04-11 00:00:00,2022-04-12 00:00:00,1501.55,298.6,81.18,1.55,0.85,996.34,15.21,1097.98,300.68,82.88,48.38,COASTAL_OROGRAPHIC,16.53
500,12.9141,74.856,2022-04-11 00:00:00,2022-04-12 00:00:00,5473.24,270.57,54.36,-1.15,1.28,1011.05,0.0,86.55,272.97,57.63,29.04,COASTAL_OROGRAPHIC,0.0
850,15.3647,75.124,2022-04-11 00:00:00,2022-04-12 00:00:00,1455.17,297.82,51.93,5.39,-2.1,919.95,0.0,67.13,299.29,48.56,21.84,COASTAL_OROGRAPHIC,0.0
500,15.3647,75.124,2022-04-11 00:00:00,2022-04-12 00:00:00,5510.94,264.44,67.18,5.04,3.86,919.14,0.0,432.13,271.54,60.45,22.25,COASTAL_OROGRAPHIC,0.0
850,17.3297,76.8343,2022-04-11 00:00:00,2022-04-12 00:00:00,1507.9,300.98,21.91,9.84,-2.44,922.63,0.0,43.11,308.2,20.28,36.87,NORMAL,0.0
500,17.3297,76.8343,2022-04-11 00:00:00,2022-04-12 00:00:00,5424.76,269.14,42.62,5.81,-3.58,922.58,0.0,148.65,276.4,48.53,14.69,NORMAL,0.0
850,12.9716,77.5946,2022-04-26 00:00:00,2022-04-27 00:00:00,1566.53,295.81,73.63,0.12,0.17,923.03,1.31,946.17,302.33,77.19,24.03,NORMAL,1.69
500,12.9716,77.5946,2022-04-26 00:00:00,2022-04-27 00:00:00,5676.67,264.21,57.79,5.56,-6.53,918.14,0.0,121.87,273.52,59.91,34.7,NORMAL,0.1
850,12.2958,76.6394,2022-04-26 00:00:00,2022-04-27 00:00:00,1514.77,302.56,31.05,-2.76,-1.71,916.14,0.0,141.51,304.95,33.31,19.73,NORMAL,0.1
500,12.2958,76.6394,2022-04-26 00:00:00,2022-04-27 00:00:00,5668.84,270.85,69.2,5.68,8.13,911.72,0.0,290.22,271.68,72.81,30.77,NORMAL,0.1
850,12.9141,74.856,2022-04-26 00:00:00,2022-04-27 00:00:00,1434.19,301.01,78.56,3.42,-2.95,1000.77,0.26,999.85,303.73,81.23,38.61,COASTAL_OROGRAPHIC,0.53
500,12.9141,74.856,2022-04-26 00:00:00,2022-04-27 00:00:00,5691.14,265.94,65.63,-0.73,-2.48,1006.1,0.0,530.86,277.39,75.39,40.01,COASTAL_OROGRAPHIC,0.0
850,15.3647,75.124,2022-04-26 00:00:00,2022-04-27 00:00:00,1552.94,293.14,89.62,-3.34,-0.12,915.01,0.73,914.66,304.36,91.11,33.77,COASTAL_OROGRAPHIC,1.03
500,15.3647,75.124,2022-04-26 00:00:00,2022-04-27 00:00:00,5616.07,271.7,91.49,-2.41,-1.85,925.93,1.5,1074.53,275.48,85.26,26.7,COASTAL_OROGRAPHIC,1.68
850,17.3297,76.8343,2022-04-26 00:00:00,2022-04-27 00:00:00,1481.1,299.52,25.19,-1.8,2.15,927.68,0.0,67.15,306.39,26.58,10.0,BREAK,0.1
500,17.3297,76.8343,2022-04-26 00:00:00,2022-04-27 00:00:00,5635.54,269.4,34.0,2.12,-0.2,923.04,0.0,238.3,277.35,29.79,21.4,BREAK,0.0
850,12.9716,77.5946,2022-05-11 00:00:00,2022-05-12 00:00:00,1575.17,293.47,45.62,0.59,-1.48,919.84,0.0,113.74,305.29,46.08,39.87,NORMAL,0.0
500,12.9716,77.5946,2022-05-11 00:00:00,2022-05-12 00:00:00,5533.8,271.98,51.25,-2.09,-5.53,926.03,0.0,157.09,271.57,49.26,28.97,NORMAL,0.0
850,12.2958,76.6394,2022-05-11 00:00:00,2022-05-12 00:00:00,1448.71,298.8,75.07,7.18,4.28,920.0,3.55,933.34,300.79,77.32,10.77,ACTIVE,4.0
500,12.2958,76.6394,2022-05-11 00:00:00,2022-05-12 00:00:00,5326.19,266.77,70.11,0.19,2.67,919.73,1.4,107.08,271.44,70.54,11.71,ACTIVE,1.81
850,12.9141,74.856,2022-05-11 00:00:00,2022-05-12 00:00:00,1454.8,299.74,65.38,5.29,-4.08,1014.85,0.0,492.21,302.47,59.99,44.55,DEPRESSION,0.1
500,12.9141,74.856,2022-05-11 00:00:00,2022-05-12 00:00:00,5557.41,273.92,53.71,-0.6,9.66,1007.99,0.0,53.99,270.1,57.76,56.45,DEPRESSION,0.1
850,15.3647,75.124,2022-05-11 00:00:00,2022-05-12 00:00:00,1561.5,295.07,73.92,9.13,-1.32,908.72,10.65,28.62,302.11,72.21,27.54,COASTAL_OROGRAPHIC,11.78
500,15.3647,75.124,2022-05-11 00:00:00,2022-05-12 00:00:00,5533.83,267.89,34.03,2.39,-7.51,922.29,0.0,51.01,270.84,25.6,13.45,COASTAL_OROGRAPHIC,0.1
850,17.3297,76.8343,2022-05-11 00:00:00,2022-05-12 00:00:00,1548.0,301.51,41.3,-1.55,8.81,917.37,0.0,108.89,307.95,41.96,14.54,DEPRESSION,0.1
500,17.3297,76.8343,2022-05-11 00:00:00,2022-05-12 00:00:00,5445.77,279.48,52.0,-6.41,-3.1,918.6,0.0,51.77,278.16,48.35,16.26,DEPRESSION,0.1
850,12.9716,77.5946,2022-05-26 00:00:00,2022-05-27 00:00:00,1465.95,298.39,68.69,3.06,5.11,925.53,0.0,274.42,301.52,69.08,26.98,NORMAL,0.0
500,12.9716,77.5946,2022-05-26 00:00:00,2022-05-27 00:00:00,5580.39,267.54,49.26,1.63,0.7,929.86,0.0,30.7,274.16,56.71,34.85,NORMAL,0.0
850,12.2958,76.6394,2022-05-26 00:00:00,2022-05-27 00:00:00,1458.44,298.01,70.96,4.46,3.28,920.98,0.0,460.46,304.27,66.89,11.21,NORMAL,0.1
500,12.2958,76.6394,2022-05-26 00:00:00,2022-05-27 00:00:00,5246.78,269.46,67.74,2.93,2.89,926.9,0.0,466.65,271.97,71.96,13.97,NORMAL,0.0
850,12.9141,74.856,2022-05-26 00:00:00,2022-05-27 00:00:00,1458.4,305.12,54.76,2.66,-1.36,1003.83,0.0,140.37,303.56,47.51,21.93,COASTAL_OROGRAPHIC,0.1
500,12.9141,74.856,2022-05-26 00:00:00,2022-05-27 00:00:00,5541.82,270.43,68.22,7.71,-1.24,1011.35,0.0,585.18,276.63,71.09,43.94,COASTAL_OROGRAPHIC,0.1
850,15.3647,75.124,2022-05-26 00:00:00,2022-05-27 00:00:00,1495.1,299.72,65.17,-4.72,3.02,925.51,0.0,1274.13,305.95,67.94,25.7,COASTAL_OROGRAPHIC,0.0
500,15.3647,75.124,2022-05-26 00:00:00,2022-05-27 00:00:00,5385.9,270.24,35.21,-4.08,0.16,917.41,0.0,72.59,272.07,34.53,21.93,COASTAL_OROGRAPHIC,0.1
850,17.3297,76.8343,2022-05-26 00:00:00,2022-05-27 00:00:00,1602.65,293.36,41.05,1.01,1.76,916.36,0.0,100.47,307.4,37.38,26.98,NORMAL,0.0
500,17.3297,76.8343,2022-05-26 00:00:00,2022-05-27 00:00:00,5602.35,272.62,72.79,12.52,3.39,917.56,0.0,828.39,276.97,72.38,13.7,NORMAL,0.0
850,12.9716,77.5946,2022-06-10 00:00:00,2022-06-11 00:00:00,1505.98,293.24,53.28,6.89,-7.42,925.77,0.0,169.32,302.55,40.26,22.46,NORMAL,0.1
500,12.9716,77.5946,2022-06-10 00:00:00,2022-06-11 00:00:00,5550.74,268.48,77.36,-2.62,-5.39,918.36,0.0,414.62,274.39,82.56,26.41,NORMAL,0.0
850,12.2958,76.6394,2022-06-10 00:00:00,2022-06-11 00:00:00,1497.6,300.6,34.73,-2.49,-4.25,922.51,0.0,82.59,302.16,37.71,21.98,NORMAL,0.1
500,12.2958,76.6394,2022-06-10 00:00:00,2022-06-11 00:00:00,5493.9,269.12,41.76,-0.99,5.31,917.23,0.0,179.96,275.55,43.17,34.12,NORMAL,0.1
850,12.9141,74.856,2022-06-10 00:00:00,2022-06-11 00:00:00,1521.22,296.76,57.03,-9.05,5.42,1005.79,0.0,100.31,304.95,52.89,35.84,COASTAL_OROGRAPHIC,0.0
500,12.9141,74.856,2022-06-10 00:00:00,2022-06-11 00:00:00,5382.61,267.4,73.5,-11.14,-1.09,1010.71,1.29,0.0,273.94,67.3,42.14,COASTAL_OROGRAPHIC,1.51
850,15.3647,75.124,2022-06-10 00:00:00,2022-06-11 00:00:00,1516.93,293.96,78.25,1.75,0.36,921.65,0.0,1080.4,304.38,87.14,33.89,COASTAL_OROGRAPHIC,0.0
500,15.3647,75.124,2022-06-10 00:00:00,2022-06-11 00:00:00,5646.65,270.21,61.73,0.01,-1.45,929.05,0.0,0.0,269.46,62.33,10.19,COASTAL_OROGRAPHIC,0.1
850,17.3297,76.8343,2022-06-10 00:00:00,2022-06-11 00:00:00,1498.39,296.63,60.4,2.32,-0.44,915.54,0.0,475.26,308.86,71.01,22.22,NORMAL,0.1
500,17.3297,76.8343,2022-06-10 00:00:00,2022-06-11 00:00:00,5505.17,275.03,30.8,6.68,1.74,926.27,0.0,119.58,280.27,28.6,37.39,NORMAL,0.0
850,12.9716,77.5946,2022-06-25 00:00:00,2022-06-26 00:00:00,1514.35,294.34,47.47,-1.15,-2.0,922.61,0.0,8.26,300.04,56.79,28.46,NORMAL,0.1
500,12.9716,77.5946,2022-06-25 00:00:00,2022-06-26 00:00:00,5370.65,268.36,43.91,-1.6,-5.25,926.68,0.0,159.13,272.94,48.91,26.94,NORMAL,0.0
850,12.2958,76.6394,2022-06-25 00:00:00,2022-06-26 00:00:00,1557.32,301.93,90.56,5.25,-0.46,918.62,0.0,680.36,307.25,90.57,17.17,ACTIVE,0.0
500,12.2958,76.6394,2022-06-25 00:00:00,2022-06-26 00:00:00,5578.58,270.53,50.32,-4.75,-0.66,920.17,0.0,105.57,272.79,52.3,33.46,ACTIVE,0.1
850,12.9141,74.856,2022-06-25 00:00:00,2022-06-26 00:00:00,1552.72,301.43,92.77,-2.93,-0.14,1010.97,1.28,857.86,304.19,85.46,32.49,COASTAL_OROGRAPHIC,1.62
500,12.9141,74.856,2022-06-25 00:00:00,2022-06-26 00:00:00,5405.21,274.84,78.44,-0.51,-4.67,1000.83,4.65,244.69,273.68,82.16,50.05,COASTAL_OROGRAPHIC,5.1
850,15.3647,75.124,2022-06-25 00:00:00,2022-06-26 00:00:00,1442.15,293.63,34.06,-2.95,0.86,915.94,0.0,44.3,303.67,35.12,19.07,COASTAL_OROGRAPHIC,0.1
500,15.3647,75.124,2022-06-25 00:00:00,2022-06-26 00:00:00,5542.32,266.46,74.87,2.75,2.46,920.04,2.19,0.0,271.06,75.02,19.36,COASTAL_OROGRAPHIC,2.64
850,17.3297,76.8343,2022-06-25 00:00:00,2022-06-26 00:00:00,1515.62,303.27,27.55,1.36,2.36,926.02,0.0,138.77,308.78,25.42,13.95,BREAK,0.0
500,17.3297,76.8343,2022-06-25 00:00:00,2022-06-26 00:00:00,5587.23,275.24,57.27,4.77,-0.47,918.98,0.0,190.33,276.45,62.52,15.05,BREAK,0.0
850,12.9716,77.5946,2022-07-10 00:00:00,2022-07-11 00:00:00,1561.46,298.69,42.3,2.46,8.23,915.7,0.0,214.74,303.91,44.19,31.28,NORMAL,0.0
500,12.9716,77.5946,2022-07-10 00:00:00,2022-07-11 00:00:00,5605.74,271.8,53.59,3.81,3.43,918.9,0.0,53.59,273.3,54.53,28.94,NORMAL,0.1
850,12.2958,76.6394,2022-07-10 00:00:00,2022-07-11 00:00:00,1458.15,295.4,91.23,6.98,-1.92,914.89,0.0,378.82,304.0,91.43,21.07,ACTIVE,0.1
500,12.2958,76.6394,2022-07-10 00:00:00,2022-07-11 00:00:00,5374.67,264.05,63.84,7.06,0.37,936.22,0.0,1423.17,272.79,63.3,29.89,ACTIVE,0.1
850,12.9141,74.856,2022-07-10 00:00:00,2022-07-11 00:00:00,1587.29,294.49,57.44,-1.11,3.33,1007.48,0.0,153.49,301.75,45.86,30.27,COASTAL_OROGRAPHIC,0.0
500,12.9141,74.856,2022-07-10 00:00:00,2022-07-11 00:00:00,5665.12,269.4,50.86,5.97,0.51,1002.71,0.0,92.03,273.41,44.12,28.79,COASTAL_OROGRAPHIC,0.1
850,15.3647,75.124,2022-07-10 00:00:00,2022-07-11 00:00:00,1533.98,299.59,40.91,3.61,1.67,915.02,0.0,90.92,298.8,41.8,21.24,COASTAL_OROGRAPHIC,0.0
500,15.3647,75.124,2022-07-10 00:00:00,2022-07-11 00:00:00,5580.75,272.52,37.19,8.26,-0.79,916.54,0.0,1.55,273.36,47.4,35.84,COASTAL_OROGRAPHIC,0.0
850,17.3297,76.8343,2022-07-10 00:00:00,2022-07-11 00:00:00,1575.21,301.51,74.39,3.61,0.96,915.93,0.87,829.31,307.73,71.57,20.37,NORMAL,1.02
500,17.3297,76.8343,2022-07-10 00:00:00,2022-07-11 00:00:00,5444.71,274.14,38.55,-3.32,-2.16,921.18,0.0,33.71,275.83,30.23,21.31,NORMAL,0.0
850,12.9716,77.5946,2022-07-25 00:00:00,2022-07-26 00:00:00,1495.7,291.92,36.94,-3.28,-3.23,915.4,0.0,75.38,302.38,38.39,29.05,NORMAL,0.1
500,12.9716,77.5946,2022-07-25 00:00:00,2022-07-26 00:00:00,5630.33,268.69,35.06,0.99,1.88,927.85,0.0,103.43,271.87,30.61,18.67,NORMAL,0.0
850,12.2958,76.6394,2022-07-25 00:00:00,2022-07-26 00:00:00,1419.99,293.98,65.4,4.44,-2.47,917.44,0.0,140.8,306.04,65.48,32.18,NORMAL,0.0
500,12.2958,76.6394,2022-07-25 00:00:00,2022-07-26 00:00:00,5542.02,265.17,65.56,0.9,-1.97,917.48,0.0,462.15,272.88,67.62,11.29,NORMAL,0.0
850,12.9141,74.856,2022-07-25 00:00:00,2022-07-26 00:00:00,1440.8,297.96,91.61,4.02,-1.2,1011.57,0.0,273.8,301.8,94.04,25.84,COASTAL_OROGRAPHIC,0.0
500,12.9141,74.856,2022-07-25 00:00:00,2022-07-26 00:00:00,5586.18,269.99,82.54,0.99,-1.11,1010.18,0.0,0.0,274.75,77.12,52.58,COASTAL_OROGRAPHIC,0.1
850,15.3647,75.124,2022-07-25 00:00:00,2022-07-26 00:00:00,1484.48,295.25,42.78,-1.91,-3.1,925.92,0.0,183.7,301.18,49.81,34.72,COASTAL_OROGRAPHIC,0.1
500,15.3647,75.124,2022-07-25 00:00:00,2022-07-26 00:00:00,5356.68,267.7,82.06,0.36,4.2,914.45,0.0,958.82,270.36,85.02,21.6,COASTAL_OROGRAPHIC,0.0
850,17.3297,76.8343,2022-07-25 00:00:00,2022-07-26 00:00:00,1486.8,300.54,70.1,1.96,0.14,918.14,10.02,208.62,308.48,66.06,26.4,NORMAL,10.96
500,17.3297,76.8343,2022-07-25 00:00:00,2022-07-26 00:00:00,5599.61,272.57,49.4,-0.35,-0.72,918.77,0.0,129.79,279.8,46.14,20.16,NORMAL,0.0
850,12.9716,77.5946,2022-08-09 00:00:00,2022-08-10 00:00:00,1512.15,301.0,33.22,0.8,-5.68,923.72,0.0,58.36,302.86,37.16,20.26,NORMAL,0.0
500,12.9716,77.5946,2022-08-09 00:00:00,2022-08-10 00:00:00,5553.63,267.96,61.79,5.49,-0.01,927.57,0.0,659.21,272.07,67.12,23.01,NORMAL,0.0
850,12.2958,76.6394,2022-08-09 00:00:00,2022-08-10 00:00:00,1550.08,296.97,81.61,2.8,3.29,923.92,6.32,748.61,302.04,80.96,22.06,ACTIVE,6.91
500,12.2958,76.6394,2022-08-09 00:00:00,2022-08-10 00:00:00,5694.0,266.49,78.68,8.63,-4.63,922.93,0.94,205.29,271.84,74.03,32.46,ACTIVE,1.19
850,12.9141,74.856,2022-08-09 00:00:00,2022-08-10 00:00:00,1495.41,294.65,92.87,-2.42,-9.35,1005.3,3.14,879.81,303.46,84.81,24.94,DEPRESSION,3.52
500,12.9141,74.856,2022-08-09 00:00:00,2022-08-10 00:00:00,5381.25,271.41,84.54,-3.9,1.69,1008.36,3.57,1111.21,270.43,88.86,45.94,DEPRESSION,4.13
850,15.3647,75.124,2022-08-09 00:00:00,2022-08-10 00:00:00,1461.37,297.1,83.02,-6.23,7.02,925.82,0.0,465.1,304.23,85.16,15.45,DEPRESSION,0.1
500,15.3647,75.124,2022-08-09 00:00:00,2022-08-10 00:00:00,5474.84,264.53,75.93,12.92,3.28,917.1,0.0,255.45,274.41,66.55,35.74,DEPRESSION,0.0
850,17.3297,76.8343,2022-08-09 00:00:00,2022-08-10 00:00:00,1594.52,299.96,72.42,3.67,1.68,911.55,0.0,577.33,305.93,74.24,19.08,NORMAL,0.1
500,17.3297,76.8343,2022-08-09 00:00:00,2022-08-10 00:00:00,5625.26,279.6,53.03,0.01,-3.41,921.74,0.0,104.33,277.86,53.99,32.87,NORMAL,0.1
850,12.9716,77.5946,2022-08-24 00:00:00,2022-08-25 00:00:00,1518.98,294.33,73.33,8.81,7.56,935.76,0.0,50.6,300.33,73.79,34.16,DEPRESSION,0.0
500,12.9716,77.5946,2022-08-24 00:00:00,2022-08-25 00:00:00,5422.54,273.92,58.45,4.22,-5.81,922.75,0.0,90.27,273.16,62.55,19.84,DEPRESSION,0.0
850,12.2958,76.6394,2022-08-24 00:00:00,2022-08-25 00:00:00,1483.99,291.92,89.83,2.15,-0.08,919.47,0.0,1181.86,303.19,92.2,28.43,ACTIVE,0.0
500,12.2958,76.6394,2022-08-24 00:00:00,2022-08-25 00:00:00,5340.44,267.85,57.89,-0.44,3.53,920.11,0.0,29.72,271.18,58.89,11.09,ACTIVE,0.0
850,12.9141,74.856,2022-08-24 00:00:00,2022-08-25 00:00:00,1489.37,302.68,47.06,-0.59,0.65,1015.85,0.0,28.82,300.45,50.97,32.62,COASTAL_OROGRAPHIC,0.0
500,12.9141,74.856,2022-08-24 00:00:00,2022-08-25 00:00:00,5418.4,268.32,36.47,9.99,4.21,1009.31,0.0,29.19,271.85,22.27,50.31,COASTAL_OROGRAPHIC,0.0
850,15.3647,75.124,2022-08-24 00:00:00,2022-08-25 00:00:00,1442.26,295.26,90.1,1.89,-1.76,921.02,0.95,806.35,301.61,83.95,35.56,COASTAL_OROGRAPHIC,1.27
500,15.3647,75.124,2022-08-24 00:00:00,2022-08-25 00:00:00,5781.47,270.25,36.47,8.85,-5.53,921.18,0.0,72.99,273.4,40.02,13.78,COASTAL_OROGRAPHIC,0.1
850,17.3297,76.8343,2022-08-24 00:00:00,2022-08-25 00:00:00,1522.43,306.54,42.35,3.64,4.36,921.25,0.0,140.46,306.36,38.52,16.05,NORMAL,0.0
500,17.3297,76.8343,2022-08-24 00:00:00,2022-08-25 00:00:00,5529.72,272.72,57.2,-2.57,-1.3,919.18,0.0,180.99,278.28,50.58,11.21,NORMAL,0.1
850,12.9716,77.5946,2022-09-08 00:00:00,2022-09-09 00:00:00,1399.63,297.06,39.62,0.55,-0.45,917.96,0.0,173.57,302.42,39.87,11.03,BREAK,0.1
500,12.9716,77.5946,2022-09-08 00:00:00,2022-09-09 00:00:00,5477.57,272.08,87.54,2.4,-2.44,918.97,5.85,804.13,270.95,94.64,38.15,BREAK,6.48
850,12.2958,76.6394,2022-09-08 00:00:00,2022-09-09 00:00:00,1439.06,295.42,75.55,4.98,-1.36,919.34,0.0,528.91,301.19,70.11,39.49,ACTIVE,0.0
500,12.2958,76.6394,2022-09-08 00:00:00,2022-09-09 00:00:00,5588.62,272.2,93.48,8.06,-0.97,925.27,0.0,425.25,275.44,89.59,21.81,ACTIVE,0.0
850,12.9141,74.856,2022-09-08 00:00:00,2022-09-09 00:00:00,1605.84,295.9,78.25,0.79,-6.56,1002.73,0.0,84.08,304.39,75.08,55.37,COASTAL_OROGRAPHIC,0.0
500,12.9141,74.856,2022-09-08 00:00:00,2022-09-09 00:00:00,5390.45,270.07,73.21,10.49,-1.72,1005.68,0.0,0.0,276.29,79.57,21.54,COASTAL_OROGRAPHIC,0.0
850,15.3647,75.124,2022-09-08 00:00:00,2022-09-09 00:00:00,1497.88,298.61,57.35,6.46,1.02,923.09,0.0,181.92,303.91,58.91,23.71,COASTAL_OROGRAPHIC,0.0
500,15.3647,75.124,2022-09-08 00:00:00,2022-09-09 00:00:00,5448.51,261.08,92.84,-0.57,1.97,919.7,0.0,951.11,268.75,99.43,36.33,COASTAL_OROGRAPHIC,0.1
850,17.3297,76.8343,2022-09-08 00:00:00,2022-09-09 00:00:00,1476.13,303.73,50.67,-7.31,1.45,925.73,0.0,95.1,305.25,47.65,13.87,NORMAL,0.0
500,17.3297,76.8343,2022-09-08 00:00:00,2022-09-09 00:00:00,5428.8,275.11,45.94,-0.99,-0.95,922.3,0.0,91.26,274.49,45.63,36.73,NORMAL,0.0
850,12.9716,77.5946,2022-09-23 00:00:00,2022-09-24 00:00:00,1482.86,303.59,93.94,-2.86,4.93,919.51,1.66,56.82,302.32,93.63,33.51,ACTIVE,1.86
500,12.9716,77.5946,2022-09-23 00:00:00,2022-09-24 00:00:00,5593.65,267.67,64.81,-9.93,-0.98,925.49,0.0,0.0,267.13,67.67,18.36,ACTIVE,0.1
850,12.2958,76.6394,2022-09-23 00:00:00,2022-09-24 00:00:00,1530.23,293.21,48.14,2.55,-1.51,922.47,0.0,0.0,301.44,42.51,12.61,BREAK,0.0
500,12.2958,76.6394,2022-09-23 00:00:00,2022-09-24 00:00:00,5543.01,267.67,67.11,2.23,3.23,929.28,0.0,307.29,273.8,58.09,26.0,BREAK,0.0
850,12.9141,74.856,2022-09-23 00:00:00,2022-09-24 00:00:00,1483.23,295.62,93.53,1.97,5.71,998.13,0.92,707.96,304.45,100.0,59.61,COASTAL_OROGRAPHIC,1.2
500,12.9141,74.856,2022-09-23 00:00:00,2022-09-24 00:00:00,5635.56,264.44,80.19,0.02,-3.52,1000.74,4.61,0.0,277.06,79.8,43.06,COASTAL_OROGRAPHIC,5.16
850,15.3647,75.124,2022-09-23 00:00:00,2022-09-24 00:00:00,1472.66,301.37,45.49,2.13,-5.17,920.82,0.0,209.81,304.14,45.2,27.14,COASTAL_OROGRAPHIC,0.0
500,15.3647,75.124,2022-09-23 00:00:00,2022-09-24 00:00:00,5519.88,271.32,67.9,-2.18,6.7,919.54,0.0,144.89,275.15,66.47,17.32,COASTAL_OROGRAPHIC,0.0
850,17.3297,76.8343,2022-09-23 00:00:00,2022-09-24 00:00:00,1437.69,299.9,69.26,1.7,2.97,921.45,0.0,0.0,304.91,73.9,32.09,NORMAL,0.1
500,17.3297,76.8343,2022-09-23 00:00:00,2022-09-24 00:00:00,5377.89,267.43,37.36,-8.11,0.59,917.01,0.0,51.67,277.01,39.18,23.34,NORMAL,0.0
850,12.9716,77.5946,2022-10-08 00:00:00,2022-10-09 00:00:00,1502.29,299.02,45.7,7.8,4.89,916.1,0.0,110.16,302.23,46.63,27.88,DEPRESSION,0.0
500,12.9716,77.5946,2022-10-08 00:00:00,2022-10-09 00:00:00,5568.33,265.68,84.71,-5.42,0.17,926.03,0.94,0.0,272.39,81.3,17.16,DEPRESSION,1.2
850,12.2958,76.6394,2022-10-08 00:00:00,2022-10-09 00:00:00,1431.72,296.88,75.76,-0.93,-3.96,921.47,12.47,473.11,301.89,79.42,12.04,ACTIVE,13.73
500,12.2958,76.6394,2022-10-08 00:00:00,2022-10-09 00:00:00,5410.72,264.74,62.89,4.47,2.53,917.95,0.0,902.37,270.9,68.52,11.83,ACTIVE,0.0
850,12.9141,74.856,2022-10-08 00:00:00,2022-10-09 00:00:00,1454.19,293.99,75.07,-1.81,5.15,1002.02,0.0,860.21,306.01,80.55,59.49,COASTAL_OROGRAPHIC,0.0
500,12.9141,74.856,2022-10-08 00:00:00,2022-10-09 00:00:00,5384.63,271.19,69.63,4.11,7.23,1004.0,0.0,0.0,275.87,60.61,55.56,COASTAL_OROGRAPHIC,0.0
850,15.3647,75.124,2022-10-08 00:00:00,2022-10-09 00:00:00,1551.26,304.0,63.72,-7.83,0.67,920.09,0.0,0.0,300.84,59.49,23.92,DEPRESSION,0.0
500,15.3647,75.124,2022-10-08 00:00:00,2022-10-09 00:00:00,5571.59,269.36,36.9,5.25,3.33,917.95,0.0,114.22,275.22,39.13,27.32,DEPRESSION,0.0
850,17.3297,76.8343,2022-10-08 00:00:00,2022-10-09 00:00:00,1604.9,300.36,49.08,2.48,-0.3,919.38,0.0,59.75,307.94,40.04,14.0,BREAK,0.0
500,17.3297,76.8343,2022-10-08 00:00:00,2022-10-09 00:00:00,5564.6,275.13,28.98,2.39,5.22,915.15,0.0,95.96,278.93,30.79,34.85,BREAK,0.0
850,12.9716,77.5946,2022-10-23 00:00:00,2022-10-24 00:00:00,1509.9,296.15,37.31,-0.03,-1.47,922.88,0.0,92.53,305.39,39.15,31.31,NORMAL,0.0
500,12.9716,77.5946,2022-10-23 00:00:00,2022-10-24 00:00:00,5446.73,269.12,47.88,-4.99,5.89,921.6,0.0,91.77,274.68,50.44,39.23,NORMAL,0.0
850,12.2958,76.6394,2022-10-23 00:00:00,2022-10-24 00:00:00,1553.6,299.61,72.08,3.76,-2.49,917.29,0.0,471.34,304.23,76.46,23.78,NORMAL,0.0
500,12.2958,76.6394,2022-10-23 00:00:00,2022-10-24 00:00:00,5436.53,267.84,60.49,3.0,3.44,921.31,0.0,0.0,272.45,49.39,20.66,NORMAL,0.0
850,12.9141,74.856,2022-10-23 00:00:00,2022-10-24 00:00:00,1563.27,302.52,76.5,-2.5,-3.53,1006.75,0.0,162.27,306.15,77.82,55.63,COASTAL_OROGRAPHIC,0.1
500,12.9141,74.856,2022-10-23 00:00:00,2022-10-24 00:00:00,5276.95,263.81,35.0,6.98,3.12,1002.67,0.0,24.35,274.77,27.11,27.7,COASTAL_OROGRAPHIC,0.0
850,15.3647,75.124,2022-10-23 00:00:00,2022-10-24 00:00:00,1534.01,299.81,33.17,0.94,5.72,922.98,0.0,0.0,303.55,31.57,27.47,COASTAL_OROGRAPHIC,0.1
500,15.3647,75.124,2022-10-23 00:00:00,2022-10-24 00:00:00,5450.24,266.67,41.98,2.62,-1.5,920.48,0.0,70.33,272.07,46.94,20.49,COASTAL_OROGRAPHIC,0.1
850,17.3297,76.8343,2022-10-23 00:00:00,2022-10-24 00:00:00,1533.1,297.5,21.46,5.74,6.59,927.79,0.0,126.02,305.04,24.61,20.57,NORMAL,0.0
500,17.3297,76.8343,2022-10-23 00:00:00,2022-10-24 00:00:00,5541.77,274.7,72.95,-3.73,2.86,929.34,4.6,997.29,278.84,75.52,11.69,NORMAL,5.24
850,12.9716,77.5946,2022-11-07 00:00:00,2022-11-08 00:00:00,1522.5,300.06,48.6,-4.97,5.22,914.03,0.0,114.29,301.46,51.37,17.06,NORMAL,0.1
500,12.9716,77.5946,2022-11-07 00:00:00,2022-11-08 00:00:00,5498.83,270.74,43.76,4.1,-1.31,924.41,0.0,100.07,273.94,38.97,16.99,NORMAL,0.0
850,12.2958,76.6394,2022-11-07 00:00:00,2022-11-08 00:00:00,1455.85,299.57,68.59,-2.03,5.31,909.15,0.0,22.32,301.23,61.83,26.94,NORMAL,0.0
500,12.2958,76.6394,2022-11-07 00:00:00,2022-11-08 00:00:00,5481.26,269.09,47.27,5.45,2.06,923.29,0.0,96.52,270.78,52.56,15.65,NORMAL,0.0
850,12.9141,74.856,2022-11-07 00:00:00,2022-11-08 00:00:00,1486.18,297.43,39.35,1.11,-2.65,1002.91,0.0,117.2,304.85,34.86,27.89,COASTAL_OROGRAPHIC,0.0
500,12.9141,74.856,2022-11-07 00:00:00,2022-11-08 00:00:00,5373.88,273.19,64.92,7.9,5.58,998.06,0.0,805.54,274.04,62.17,55.64,COASTAL_OROGRAPHIC,0.1
850,15.3647,75.124,2022-11-07 00:00:00,2022-11-08 00:00:00,1512.73,301.8,94.46,4.5,-2.51,923.71,0.0,244.96,303.4,94.89,21.49,COASTAL_OROGRAPHIC,0.0
500,15.3647,75.124,2022-11-07 00:00:00,2022-11-08 00:00:00,5694.52,265.03,58.45,7.35,-2.09,920.66,0.0,94.26,271.38,62.71,12.02,COASTAL_OROGRAPHIC,0.1
850,17.3297,76.8343,2022-11-07 00:00:00,2022-11-08 00:00:00,1488.45,303.38,54.82,-2.79,4.49,927.25,0.0,28.69,307.71,53.3,17.05,BREAK,0.1
500,17.3297,76.8343,2022-11-07 00:00:00,2022-11-08 00:00:00,5671.9,268.94,52.78,0.78,2.74,916.57,0.0,57.83,277.59,53.17,37.47,BREAK,0.1
850,12.9716,77.5946,2022-11-22 00:00:00,2022-11-23 00:00:00,1500.71,302.51,38.82,-0.53,-2.4,918.58,0.0,75.06,302.25,44.65,12.65,BREAK,0.0
500,12.9716,77.5946,2022-11-22 00:00:00,2022-11-23 00:00:00,5682.05,264.62,40.83,0.31,0.31,923.63,0.0,106.83,275.61,40.77,23.38,BREAK,0.0
850,12.2958,76.6394,2022-11-22 00:00:00,2022-11-23 00:00:00,1545.95,301.21,41.31,8.82,-4.52,919.02,0.0,69.46,303.44,41.36,24.24,NORMAL,0.0
500,12.2958,76.6394,2022-11-22 00:00:00,2022-11-23 00:00:00,5629.13,267.32,81.77,6.63,1.91,928.65,1.97,0.0,270.97,80.5,12.81,NORMAL,2.25
850,12.9141,74.856,2022-11-22 00:00:00,2022-11-23 00:00:00,1466.51,296.95,77.84,2.34,-7.08,1012.21,0.0,295.05,301.81,89.21,40.72,COASTAL_OROGRAPHIC,0.1
500,12.9141,74.856,2022-11-22 00:00:00,2022-11-23 00:00:00,5489.42,269.1,76.67,10.34,-0.65,1008.36,1.44,270.93,272.82,73.01,45.12,COASTAL_OROGRAPHIC,1.85
850,15.3647,75.124,2022-11-22 00:00:00,2022-11-23 00:00:00,1560.04,297.23,46.79,3.93,4.35,916.6,0.0,0.0,304.2,40.69,20.76,COASTAL_OROGRAPHIC,0.1
500,15.3647,75.124,2022-11-22 00:00:00,2022-11-23 00:00:00,5517.82,268.13,61.58,6.07,1.51,918.87,0.0,1055.61,274.42,69.66,24.77,COASTAL_OROGRAPHIC,0.0
850,17.3297,76.8343,2022-11-22 00:00:00,2022-11-23 00:00:00,1431.28,301.67,33.52,0.76,3.51,920.23,0.0,131.17,308.56,44.29,13.88,BREAK,0.0
500,17.3297,76.8343,2022-11-22 00:00:00,2022-11-23 00:00:00,5475.23,269.75,54.26,9.41,-0.13,917.17,0.0,76.43,278.59,53.47,31.31,BREAK,0.0
850,12.9716,77.5946,2022-12-07 00:00:00,2022-12-08 00:00:00,1368.89,299.83,35.47,5.26,-5.53,922.4,0.0,47.24,304.8,30.66,33.3,NORMAL,0.0
500,12.9716,77.5946,2022-12-07 00:00:00,2022-12-08 00:00:00,5656.39,271.25,88.01,0.84,-1.31,927.36,2.77,220.2,271.8,84.29,18.44,NORMAL,3.1
850,12.2958,76.6394,2022-12-07 00:00:00,2022-12-08 00:00:00,1475.85,293.82,31.28,-4.36,-3.99,918.53,0.0,113.54,304.02,28.73,28.49,NORMAL,0.0
500,12.2958,76.6394,2022-12-07 00:00:00,2022-12-08 00:00:00,5453.09,268.53,50.08,8.43,-1.5,918.01,0.0,162.17,272.9,53.02,33.16,NORMAL,0.0
850,12.9141,74.856,2022-12-07 00:00:00,2022-12-08 00:00:00,1498.06,302.02,89.0,4.45,3.19,1007.83,6.49,277.95,304.31,88.82,21.99,COASTAL_OROGRAPHIC,7.1
500,12.9141,74.856,2022-12-07 00:00:00,2022-12-08 00:00:00,5382.24,269.53,67.43,5.61,1.45,1010.04,0.0,707.2,274.2,65.91,38.38,COASTAL_OROGRAPHIC,0.1
850,15.3647,75.124,2022-12-07 00:00:00,2022-12-08 00:00:00,1499.9,295.78,74.49,9.96,1.08,914.06,2.22,480.05,303.42,73.9,28.39,COASTAL_OROGRAPHIC,2.59
500,15.3647,75.124,2022-12-07 00:00:00,2022-12-08 00:00:00,5503.4,265.78,70.74,5.84,-1.5,904.5,4.0,551.46,273.43,65.31,26.39,COASTAL_OROGRAPHIC,4.48
850,17.3297,76.8343,2022-12-07 00:00:00,2022-12-08 00:00:00,1458.67,301.65,66.93,0.82,-0.63,917.33,0.0,617.99,304.16,73.34,33.67,NORMAL,0.0
500,17.3297,76.8343,2022-12-07 00:00:00,2022-12-08 00:00:00,5373.52,274.13,32.96,5.36,2.54,915.03,0.0,112.48,274.78,31.7,31.01,NORMAL,0.0
850,12.9716,77.5946,2022-12-22 00:00:00,2022-12-23 00:00:00,1513.27,296.94,62.9,5.23,1.08,908.4,0.0,813.05,303.1,68.91,24.16,NORMAL,0.0
500,12.9716,77.5946,2022-12-22 00:00:00,2022-12-23 00:00:00,5496.62,271.78,84.08,-6.45,-2.91,933.78,0.0,377.76,273.02,91.35,20.02,NORMAL,0.0
850,12.2958,76.6394,2022-12-22 00:00:00,2022-12-23 00:00:00,1480.01,297.35,91.7,-2.42,-1.08,910.54,0.0,345.73,304.12,81.96,26.55,ACTIVE,0.1
500,12.2958,76.6394,2022-12-22 00:00:00,2022-12-23 00:00:00,5295.61,265.9,92.76,-4.98,-1.83,918.69,4.13,0.0,274.47,88.11,10.63,ACTIVE,4.69
850,12.9141,74.856,2022-12-22 00:00:00,2022-12-23 00:00:00,1479.03,303.43,52.02,-4.94,2.2,1003.22,0.0,120.74,303.47,56.35,48.91,COASTAL_OROGRAPHIC,0.1
500,12.9141,74.856,2022-12-22 00:00:00,2022-12-23 00:00:00,5472.05,271.03,38.23,1.86,-4.31,1008.4,0.0,90.06,270.73,39.89,48.1,COASTAL_OROGRAPHIC,0.1
850,15.3647,75.124,2022-12-22 00:00:00,2022-12-23 00:00:00,1440.68,300.76,33.38,2.25,6.96,915.95,0.0,76.77,301.48,26.14,32.69,COASTAL_OROGRAPHIC,0.1
500,15.3647,75.124,2022-12-22 00:00:00,2022-12-23 00:00:00,5507.57,265.73,31.17,1.01,-2.53,920.93,0.0,129.46,272.84,38.19,20.85,COASTAL_OROGRAPHIC,0.0
850,17.3297,76.8343,2022-12-22 00:00:00,2022-12-23 00:00:00,1523.97,300.46,48.17,13.69,0.06,920.55,0.0,130.84,305.88,48.46,11.89,DEPRESSION,0.0
500,17.3297,76.8343,2022-12-22 00:00:00,2022-12-23 00:00:00,5594.88,274.76,27.48,0.62,2.07,914.77,0.0,58.55,274.42,23.93,24.67,DEPRESSION,0.0
850,12.9716,77.5946,2023-01-06 00:00:00,2023-01-07 00:00:00,1498.18,298.72,33.64,-0.67,1.6,920.22,0.0,162.85,308.34,39.32,15.12,BREAK,0.0
500,12.9716,77.5946,2023-01-06 00:00:00,2023-01-07 00:00:00,5398.55,266.33,68.58,0.42,0.05,922.92,0.0,745.55,271.66,66.51,14.37,BREAK,0.1
850,12.2958,76.6394,2023-01-06 00:00:00,2023-01-07 00:00:00,1568.7,301.13,80.88,2.86,2.56,917.67,6.23,249.48,301.61,88.93,37.6,ACTIVE,6.93
500,12.2958,76.6394,2023-01-06 00:00:00,2023-01-07 00:00:00,5525.43,266.07,91.61,-2.11,-3.88,917.15,0.43,450.39,272.64,86.78,20.52,ACTIVE,0.62
850,12.9141,74.856,2023-01-06 00:00:00,2023-01-07 00:00:00,1530.19,301.16,39.97,-4.88,-4.8,1006.9,0.0,77.75,302.35,42.99,34.67,COASTAL_OROGRAPHIC,0.0
500,12.9141,74.856,2023-01-06 00:00:00,2023-01-07 00:00:00,5417.65,269.95,37.89,8.66,-6.44,1005.56,0.0,142.83,273.31,32.23,53.73,COASTAL_OROGRAPHIC,0.0
850,15.3647,75.124,2023-01-06 00:00:00,2023-01-07 00:00:00,1564.64,302.2,86.34,2.49,-2.6,924.33,1.67,823.98,304.04,83.84,31.6,COASTAL_OROGRAPHIC,1.89
500,15.3647,75.124,2023-01-06 00:00:00,2023-01-07 00:00:00,5414.24,267.93,41.31,7.48,-7.77,927.67,0.0,156.12,272.23,44.03,13.61,COASTAL_OROGRAPHIC,0.0
850,17.3297,76.8343,2023-01-06 00:00:00,2023-01-07 00:00:00,1509.41,301.6,73.61,2.02,5.92,924.91,0.0,0.0,311.56,79.61,29.58,NORMAL,0.1
500,17.3297,76.8343,2023-01-06 00:00:00,2023-01-07 00:00:00,5366.54,269.93,66.4,4.44,-0.83,927.64,0.0,646.15,275.32,69.75,27.06,NORMAL,0.1
850,12.9716,77.5946,2023-01-21 00:00:00,2023-01-22 00:00:00,1553.0,297.56,92.83,-3.67,0.39,922.62,0.0,448.79,301.84,91.65,31.74,ACTIVE,0.1
500,12.9716,77.5946,2023-01-21 00:00:00,2023-01-22 00:00:00,5431.13,271.25,58.77,9.64,0.68,914.96,0.0,0.0,270.21,51.9,25.78,ACTIVE,0.0
850,12.2958,76.6394,2023-01-21 00:00:00,2023-01-22 00:00:00,1557.04,296.62,64.08,-3.99,4.55,921.43,0.0,441.12,304.28,72.26,29.43,NORMAL,0.1
500,12.2958,76.6394,2023-01-21 00:00:00,2023-01-22 00:00:00,5466.48,268.4,63.12,-8.5,3.73,919.43,0.0,726.71,271.84,62.87,11.13,NORMAL,0.0
850,12.9141,74.856,2023-01-21 00:00:00,2023-01-22 00:00:00,1589.12,300.09,63.07,6.04,-2.39,1002.88,0.0,318.63,300.56,61.42,29.9,COASTAL_OROGRAPHIC,0.0
500,12.9141,74.856,2023-01-21 00:00:00,2023-01-22 00:00:00,5629.33,273.18,83.59,-1.67,0.43,1012.99,0.0,793.42,273.04,83.7,42.77,COASTAL_OROGRAPHIC,0.0
850,15.3647,75.124,2023-01-21 00:00:00,2023-01-22 00:00:00,1602.11,291.84,91.43,-0.37,1.76,912.03,0.17,415.87,307.7,85.25,20.7,COASTAL_OROGRAPHIC,0.28
500,15.3647,75.124,2023-01-21 00:00:00,2023-01-22 00:00:00,5373.8,268.19,83.96,-4.18,6.02,923.66,14.19,715.37,273.61,88.47,25.9,COASTAL_OROGRAPHIC,15.46
850,17.3297,76.8343,2023-01-21 00:00:00,2023-01-22 00:00:00,1465.66,308.71,50.65,-2.37,4.85,915.79,0.0,106.64,310.17,48.05,30.8,NORMAL,0.1
500,17.3297,76.8343,2023-01-21 00:00:00,2023-01-22 00:00:00,5497.8,265.93,44.23,4.15,4.33,918.89,0.0,114.29,276.5,47.94,19.44,NORMAL,0.1
850,12.9716,77.5946,2023-02-05 00:00:00,2023-02-06 00:00:00,1500.97,300.28,33.11,6.7,-0.56,913.65,0.0,78.05,299.35,26.86,37.46,NORMAL,0.0
500,12.9716,77.5946,2023-02-05 00:00:00,2023-02-06 00:00:00,5660.76,268.24,94.24,-1.46,0.78,917.81,0.0,0.0,274.37,86.47,31.64,NORMAL,0.1
850,12.2958,76.6394,2023-02-05 00:00:00,2023-02-06 00:00:00,1504.27,302.78,66.54,-2.97,1.54,920.42,0.0,72.3,305.06,78.16,39.06,NORMAL,0.0
500,12.2958,76.6394,2023-02-05 00:00:00,2023-02-06 00:00:00,5497.34,265.94,65.86,-7.1,-1.82,913.04,0.0,1181.64,272.92,64.13,17.96,NORMAL,0.1
850,12.9141,74.856,2023-02-05 00:00:00,2023-02-06 00:00:00,1506.49,300.09,47.42,-1.83,1.27,1010.14,0.0,125.08,304.65,47.81,48.56,COASTAL_OROGRAPHIC,0.1
500,12.9141,74.856,2023-02-05 00:00:00,2023-02-06 00:00:00,5580.56,269.25,37.61,-3.37,1.32,1002.6,0.0,226.97,274.07,30.59,58.02,COASTAL_OROGRAPHIC,0.1
850,15.3647,75.124,2023-02-05 00:00:00,2023-02-06 00:00:00,1405.07,294.45,76.46,-5.91,4.27,913.1,13.91,325.54,302.5,71.77,10.78,COASTAL_OROGRAPHIC,15.18
500,15.3647,75.124,2023-02-05 00:00:00,2023-02-06 00:00:00,5431.64,270.22,43.08,1.75,-2.32,922.94,0.0,133.34,272.48,43.77,33.49,COASTAL_OROGRAPHIC,0.0
850,17.3297,76.8343,2023-02-05 00:00:00,2023-02-06 00:00:00,1522.68,303.33,47.97,4.91,-0.8,917.78,0.0,72.1,308.41,44.85,15.61,BREAK,0.0
500,17.3297,76.8343,2023-02-05 00:00:00,2023-02-06 00:00:00,5459.25,275.25,50.5,5.99,-3.71,919.49,0.0,149.5,274.71,52.6,34.15,BREAK,0.0
850,12.9716,77.5946,2023-02-20 00:00:00,2023-02-21 00:00:00,1499.46,295.54,66.34,-3.84,1.04,910.35,0.0,230.28,308.25,69.59,10.25,NORMAL,0.0
500,12.9716,77.5946,2023-02-20 00:00:00,2023-02-21 00:00:00,5597.36,270.53,53.81,-2.96,-1.21,914.26,0.0,112.8,275.89,48.81,26.8,NORMAL,0.1
850,12.2958,76.6394,2023-02-20 00:00:00,2023-02-21 00:00:00,1407.35,294.25,66.54,4.3,1.91,916.06,0.0,0.0,305.13,67.43,38.26,NORMAL,0.1
500,12.2958,76.6394,2023-02-20 00:00:00,2023-02-21 00:00:00,5521.38,267.04,73.5,-2.01,-8.82,918.86,0.0,1075.53,275.21,71.81,32.47,NORMAL,0.0
850,12.9141,74.856,2023-02-20 00:00:00,2023-02-21 00:00:00,1482.56,297.39,46.38,2.75,4.08,1016.91,0.0,141.36,306.47,43.85,40.93,COASTAL_OROGRAPHIC,0.0
500,12.9141,74.856,2023-02-20 00:00:00,2023-02-21 00:00:00,5506.12,271.32,50.04,3.8,3.02,1006.45,0.0,74.65,273.12,44.05,40.07,COASTAL_OROGRAPHIC,0.0
850,15.3647,75.124,2023-02-20 00:00:00,2023-02-21 00:00:00,1516.74,296.43,56.41,16.68,-3.29,917.86,0.0,120.79,304.35,61.2,26.68,DEPRESSION,0.1
500,15.3647,75.124,2023-02-20 00:00:00,2023-02-21 00:00:00,5666.7,265.94,39.0,3.54,9.27,913.01,0.0,160.13,273.51,43.18,12.56,DEPRESSION,0.0
850,17.3297,76.8343,2023-02-20 00:00:00,2023-02-21 00:00:00,1484.52,306.89,63.68,6.86,0.95,917.0,0.0,0.0,308.79,65.8,12.66,BREAK,0.1
500,17.3297,76.8343,2023-02-20 00:00:00,2023-02-21 00:00:00,5581.58,270.95,29.81,-0.33,-4.93,915.91,0.0,43.31,276.33,26.11,27.17,BREAK,0.0
850,12.9716,77.5946,2023-03-07 00:00:00,2023-03-08 00:00:00,1462.55,292.23,78.52,3.36,2.67,925.96,0.0,172.56,302.42,74.18,34.23,ACTIVE,0.0
500,12.9716,77.5946,2023-03-07 00:00:00,2023-03-08 00:00:00,5572.41,264.14,66.09,12.57,2.5,922.57,0.0,349.26,275.38,60.63,10.48,ACTIVE,0.1
850,12.2958,76.6394,2023-03-07 00:00:00,2023-03-08 00:00:00,1436.86,293.74,65.33,5.39,-3.32,921.38,0.0,1042.94,304.8,71.45,20.67,NORMAL,0.1
500,12.2958,76.6394,2023-03-07 00:00:00,2023-03-08 00:00:00,5591.04,266.33,67.13,-1.43,6.57,918.07,0.0,0.0,277.18,69.94,37.1,NORMAL,0.1
850,12.9141,74.856,2023-03-07 00:00:00,2023-03-08 00:00:00,1484.37,298.52,76.08,3.42,2.03,1000.89,0.0,432.07,302.63,71.18,50.89,COASTAL_OROGRAPHIC,0.0
500,12.9141,74.856,2023-03-07 00:00:00,2023-03-08 00:00:00,5356.39,274.87,35.83,-1.28,-0.04,997.45,0.0,88.97,273.76,38.53,26.44,COASTAL_OROGRAPHIC,0.0
850,15.3647,75.124,2023-03-07 00:00:00,2023-03-08 00:00:00,1504.66,300.11,30.25,7.42,1.84,920.99,0.0,99.54,302.11,31.34,39.78,COASTAL_OROGRAPHIC,0.0
500,15.3647,75.124,2023-03-07 00:00:00,2023-03-08 00:00:00,5430.27,263.32,66.26,-0.69,-0.02,921.28,0.0,977.32,271.61,63.77,14.92,COASTAL_OROGRAPHIC,0.0
850,17.3297,76.8343,2023-03-07 00:00:00,2023-03-08 00:00:00,1466.56,304.89,69.82,0.26,4.08,914.73,0.0,671.13,303.75,67.01,32.1,NORMAL,0.0
500,17.3297,76.8343,2023-03-07 00:00:00,2023-03-08 00:00:00,5497.52,272.93,23.01,0.63,-7.8,910.01,0.0,101.7,278.38,24.89,38.16,NORMAL,0.1
850,12.9716,77.5946,2023-03-22 00:00:00,2023-03-23 00:00:00,1517.75,299.37,65.79,-0.7,4.58,911.84,0.0,138.02,299.54,64.41,38.85,NORMAL,0.0
500,12.9716,77.5946,2023-03-22 00:00:00,2023-03-23 00:00:00,5470.74,266.26,64.24,1.05,-4.99,926.82,0.0,378.55,272.17,72.19,20.01,NORMAL,0.0
850,12.2958,76.6394,2023-03-22 00:00:00,2023-03-23 00:00:00,1464.1,301.37,33.38,-3.48,0.73,922.16,0.0,136.98,308.29,22.14,39.26,NORMAL,0.0
500,12.2958,76.6394,2023-03-22 00:00:00,2023-03-23 00:00:00,5553.88,266.58,43.88,-2.54,7.74,924.21,0.0,101.16,275.85,36.32,14.78,NORMAL,0.0
850,12.9141,74.856,2023-03-22 00:00:00,2023-03-23 00:00:00,1435.02,298.08,59.18,-1.5,1.65,1005.51,0.0,107.47,301.33,63.19,56.38,COASTAL_OROGRAPHIC,0.1
500,12.9141,74.856,2023-03-22 00:00:00,2023-03-23 00:00:00,5519.67,267.26,89.09,-7.46,2.25,999.06,1.31,341.07,274.16,92.05,23.32,COASTAL_OROGRAPHIC,1.49
850,15.3647,75.124,2023-03-22 00:00:00,2023-03-23 00:00:00,1557.51,293.56,85.64,-4.67,-0.13,922.93,0.0,230.23,301.73,88.86,19.65,COASTAL_OROGRAPHIC,0.0
500,15.3647,75.124,2023-03-22 00:00:00,2023-03-23 00:00:00,5494.68,270.2,90.56,-0.85,-3.72,920.17,0.09,23.84,272.81,78.53,36.89,COASTAL_OROGRAPHIC,0.34
850,17.3297,76.8343,2023-03-22 00:00:00,2023-03-23 00:00:00,1411.3,299.84,32.63,-4.57,4.17,922.09,0.0,117.98,301.94,30.01,39.34,NORMAL,0.0
500,17.3297,76.8343,2023-03-22 00:00:00,2023-03-23 00:00:00,5436.68,270.34,36.05,-0.08,-3.5,921.08,0.0,138.33,278.51,35.36,11.45,NORMAL,0.0
850,12.9716,77.5946,2023-04-06 00:00:00,2023-04-07 00:00:00,1429.65,299.11,70.01,1.49,-0.93,926.69,2.08,903.03,301.89,68.62,22.81,NORMAL,2.54
500,12.9716,77.5946,2023-04-06 00:00:00,2023-04-07 00:00:00,5473.11,262.21,79.81,-7.84,0.92,921.47,2.59,599.77,273.32,76.87,32.9,NORMAL,2.85
850,12.2958,76.6394,2023-04-06 00:00:00,2023-04-07 00:00:00,1474.99,297.03,87.36,-11.1,-4.16,923.1,2.66,0.0,303.32,87.55,25.94,DEPRESSION,3.12
500,12.2958,76.6394,2023-04-06 00:00:00,2023-04-07 00:00:00,5488.31,269.74,71.74,-1.56,-0.54,917.94,2.4,908.65,270.33,71.05,28.05,DEPRESSION,2.76
850,12.9141,74.856,2023-04-06 00:00:00,2023-04-07 00:00:00,1467.42,298.76,65.53,9.91,-0.63,1007.56,0.0,747.49,305.62,65.84,53.4,DEPRESSION,0.1
500,12.9141,74.856,2023-04-06 00:00:00,2023-04-07 00:00:00,5584.18,267.7,57.91,-4.1,0.58,1001.07,0.0,60.78,277.75,62.21,56.46,DEPRESSION,0.1
850,15.3647,75.124,2023-04-06 00:00:00,2023-04-07 00:00:00,1424.05,301.74,32.52,4.21,-0.67,916.57,0.0,161.2,304.38,21.25,10.01,COASTAL_OROGRAPHIC,0.0
500,15.3647,75.124,2023-04-06 00:00:00,2023-04-07 00:00:00,5433.85,265.91,46.28,-1.11,4.45,920.1,0.0,30.52,272.38,48.99,12.36,COASTAL_OROGRAPHIC,0.0
850,17.3297,76.8343,2023-04-06 00:00:00,2023-04-07 00:00:00,1462.54,306.03,50.29,4.31,6.2,917.11,0.0,99.58,307.09,50.88,14.57,NORMAL,0.0
500,17.3297,76.8343,2023-04-06 00:00:00,2023-04-07 00:00:00,5595.25,268.45,52.22,-4.68,9.54,917.45,0.0,136.48,280.55,40.65,29.91,NORMAL,0.1
850,12.9716,77.5946,2023-04-21 00:00:00,2023-04-22 00:00:00,1566.4,296.67,71.99,9.26,-1.96,925.27,0.75,485.59,303.09,75.87,24.71,NORMAL,1.02
500,12.9716,77.5946,2023-04-21 00:00:00,2023-04-22 00:00:00,5473.63,268.78,46.05,2.16,3.76,925.44,0.0,134.58,273.7,41.06,11.03,NORMAL,0.0
850,12.2958,76.6394,2023-04-21 00:00:00,2023-04-22 00:00:00,1499.57,294.5,41.89,-2.9,-6.83,916.66,0.0,109.67,300.45,41.97,27.22,NORMAL,0.1
500,12.2958,76.6394,2023-04-21 00:00:00,2023-04-22 00:00:00,5703.62,270.67,77.99,7.84,-1.9,916.78,2.22,0.0,270.11,82.73,12.57,NORMAL,2.5
850,12.9141,74.856,2023-04-21 00:00:00,2023-04-22 00:00:00,1519.13,296.89,53.19,7.8,2.28,997.78,0.0,134.34,305.12,51.56,36.64,COASTAL_OROGRAPHIC,0.0
500,12.9141,74.856,2023-04-21 00:00:00,2023-04-22 00:00:00,5522.06,270.41,56.52,2.38,-4.54,1005.92,0.0,79.28,275.86,57.28,24.9,COASTAL_OROGRAPHIC,0.0
850,15.3647,75.124,2023-04-21 00:00:00,2023-04-22 00:00:00,1504.66,301.27,56.65,-1.88,0.87,915.32,0.0,40.81,302.98,57.52,23.83,COASTAL_OROGRAPHIC,0.0
500,15.3647,75.124,2023-04-21 00:00:00,2023-04-22 00:00:00,5547.67,265.33,61.62,5.06,2.59,927.44,0.0,944.65,273.85,59.27,17.94,COASTAL_OROGRAPHIC,0.0
850,17.3297,76.8343,2023-04-21 00:00:00,2023-04-22 00:00:00,1514.92,302.6,61.46,0.52,-4.85,926.67,0.0,732.75,306.51,64.17,34.68,DEPRESSION,0.1
500,17.3297,76.8343,2023-04-21 00:00:00,2023-04-22 00:00:00,5635.92,263.65,37.29,10.0,3.25,928.86,0.0,38.91,279.29,42.35,11.56,DEPRESSION,0.1
850,12.9716,77.5946,2023-05-06 00:00:00,2023-05-07 00:00:00,1556.41,297.76,47.06,1.47,-5.48,918.63,0.0,143.66,302.37,48.27,24.28,NORMAL,0.0
500,12.9716,77.5946,2023-05-06 00:00:00,2023-05-07 00:00:00,5352.15,268.17,45.19,8.93,-0.79,916.36,0.0,136.28,273.48,48.91,21.4,NORMAL,0.0
850,12.2958,76.6394,2023-05-06 00:00:00,2023-05-07 00:00:00,1502.3,305.64,66.39,8.42,-13.16,922.26,0.0,313.3,300.98,67.01,32.98,DEPRESSION,0.0
500,12.2958,76.6394,2023-05-06 00:00:00,2023-05-07 00:00:00,5465.82,265.3,63.7,-0.88,-1.95,911.42,0.0,0.0,272.73,70.81,15.12,DEPRESSION,0.0
850,12.9141,74.856,2023-05-06 00:00:00,2023-05-07 00:00:00,1412.68,299.36,39.58,7.9,9.01,1006.43,0.0,107.0,303.06,37.7,32.09,DEPRESSION,0.0
500,12.9141,74.856,2023-05-06 00:00:00,2023-05-07 00:00:00,5561.28,268.84,30.61,-0.95,0.7,994.9,0.0,127.44,278.85,27.84,54.75,DEPRESSION,0.1
850,15.3647,75.124,2023-05-06 00:00:00,2023-05-07 00:00:00,1594.94,295.83,83.26,-7.02,2.07,920.64,6.93,361.73,303.94,81.13,35.6,COASTAL_OROGRAPHIC,7.74
500,15.3647,75.124,2023-05-06 00:00:00,2023-05-07 00:00:00,5538.43,267.5,88.76,4.78,-6.62,917.83,0.0,1188.86,274.28,83.59,10.01,COASTAL_OROGRAPHIC,0.0
850,17.3297,76.8343,2023-05-06 00:00:00,2023-05-07 00:00:00,1439.26,300.81,46.67,-4.84,-3.43,920.51,0.0,116.67,307.04,44.75,36.25,NORMAL,0.0
500,17.3297,76.8343,2023-05-06 00:00:00,2023-05-07 00:00:00,5471.89,270.43,61.71,8.47,8.8,913.77,0.0,709.0,283.33,63.11,18.51,NORMAL,0.0
850,12.9716,77.5946,2023-05-21 00:00:00,2023-05-22 00:00:00,1510.11,297.0,36.9,-4.22,0.89,908.65,0.0,89.53,301.34,38.59,22.91,NORMAL,0.0
500,12.9716,77.5946,2023-05-21 00:00:00,2023-05-22 00:00:00,5466.86,269.86,32.64,6.83,-1.71,910.48,0.0,112.88,271.98,31.71,39.68,NORMAL,0.0
850,12.2958,76.6394,2023-05-21 00:00:00,2023-05-22 00:00:00,1484.06,298.47,58.78,-5.79,12.33,918.05,0.0,109.17,302.0,55.69,32.14,DEPRESSION,0.1
500,12.2958,76.6394,2023-05-21 00:00:00,2023-05-22 00:00:00,5369.72,269.07,43.99,-8.92,2.09,924.25,0.0,36.27,274.51,44.25,21.89,DEPRESSION,0.0
850,12.9141,74.856,2023-05-21 00:00:00,2023-05-22 00:00:00,1597.11,298.83,63.32,0.35,-5.79,1014.26,0.0,395.32,303.81,65.53,21.69,COASTAL_OROGRAPHIC,0.1
500,12.9141,74.856,2023-05-21 00:00:00,2023-05-22 00:00:00,5474.18,278.44,40.95,3.89,3.78,1014.56,0.0,0.0,274.01,46.91,34.93,COASTAL_OROGRAPHIC,0.0
850,15.3647,75.124,2023-05-21 00:00:00,2023-05-22 00:00:00,1488.47,306.26,42.29,3.46,3.69,916.09,0.0,112.99,301.26,43.59,12.36,COASTAL_OROGRAPHIC,0.0
500,15.3647,75.124,2023-05-21 00:00:00,2023-05-22 00:00:00,5568.42,260.84,68.27,1.29,-2.37,929.17,0.0,739.36,271.85,66.87,39.28,COASTAL_OROGRAPHIC,0.0
850,17.3297,76.8343,2023-05-21 00:00:00,2023-05-22 00:00:00,1416.28,300.36,55.74,-6.82,2.16,921.57,0.0,133.3,308.5,64.6,22.14,NORMAL,0.0
500,17.3297,76.8343,2023-05-21 00:00:00,2023-05-22 00:00:00,5440.87,268.47,56.83,-5.28,8.46,911.9,0.0,82.44,277.03,63.37,26.3,NORMAL,0.0
850,12.9716,77.5946,2023-06-05 00:00:00,2023-06-06 00:00:00,1471.73,295.39,35.58,-2.45,3.51,915.47,0.0,178.62,301.35,23.27,21.03,NORMAL,0.0
500,12.9716,77.5946,2023-06-05 00:00:00,2023-06-06 00:00:00,5436.86,267.25,73.14,-4.19,4.84,913.12,0.0,428.41,271.84,69.65,18.39,NORMAL,0.0
850,12.2958,76.6394,2023-06-05 00:00:00,2023-06-06 00:00:00,1455.2,299.15,34.88,3.8,-2.64,926.36,0.0,51.0,299.91,36.79,29.52,NORMAL,0.0
500,12.2958,76.6394,2023-06-05 00:00:00,2023-06-06 00:00:00,5398.44,268.44,58.41,5.36,-5.0,912.61,0.0,183.61,271.68,54.24,24.38,NORMAL,0.1
850,12.9141,74.856,2023-06-05 00:00:00,2023-06-06 00:00:00,1488.56,301.29,53.94,-5.0,-5.08,1007.25,0.0,150.34,301.01,59.35,52.72,COASTAL_OROGRAPHIC,0.0
500,12.9141,74.856,2023-06-05 00:00:00,2023-06-06 00:00:00,5531.3,261.66,62.32,1.24,5.24,1000.53,0.0,344.81,273.8,47.82,36.15,COASTAL_OROGRAPHIC,0.1
850,15.3647,75.124,2023-06-05 00:00:00,2023-06-06 00:00:00,1588.63,295.8,92.49,8.29,2.62,918.83,0.0,142.59,305.33,93.54,12.35,COASTAL_OROGRAPHIC,0.0
500,15.3647,75.124,2023-06-05 00:00:00,2023-06-06 00:00:00,5390.1,270.09,65.29,2.82,-3.25,919.42,0.0,743.03,275.14,57.21,37.91,COASTAL_OROGRAPHIC,0.1
850,17.3297,76.8343,2023-06-05 00:00:00,2023-06-06 00:00:00,1520.16,305.69,35.69,5.73,-1.71,919.21,0.0,73.2,312.93,37.08,31.86,NORMAL,0.0
500,17.3297,76.8343,2023-06-05 00:00:00,2023-06-06 00:00:00,5341.94,275.83,52.2,12.44,3.83,918.25,0.0,89.87,276.57,50.18,25.01,NORMAL,0.0
850,12.9716,77.5946,2023-06-20 00:00:00,2023-06-21 00:00:00,1541.68,299.63,81.29,-3.49,-5.87,913.82,0.0,329.32,303.42,81.41,15.0,ACTIVE,0.0
500,12.9716,77.5946,2023-06-20 00:00:00,2023-06-21 00:00:00,5447.23,270.26,75.76,1.38,3.41,917.77,1.98,1321.53,270.47,74.67,25.24,ACTIVE,2.39
850,12.2958,76.6394,2023-06-20 00:00:00,2023-06-21 00:00:00,1506.3,302.25,77.81,-1.85,2.3,920.01,8.23,1223.63,304.52,67.04,14.44,ACTIVE,8.94
500,12.2958,76.6394,2023-06-20 00:00:00,2023-06-21 00:00:00,5379.84,269.03,76.44,3.2,2.95,915.01,0.0,1149.3,273.34,71.25,30.25,ACTIVE,0.1
850,12.9141,74.856,2023-06-20 00:00:00,2023-06-21 00:00:00,1471.54,303.92,63.92,4.49,4.01,1009.69,0.0,10.74,304.76,57.74,56.16,COASTAL_OROGRAPHIC,0.0
500,12.9141,74.856,2023-06-20 00:00:00,2023-06-21 00:00:00,5378.26,272.61,42.21,-5.49,5.57,1001.68,0.0,48.64,271.28,39.32,37.94,COASTAL_OROGRAPHIC,0.0
850,15.3647,75.124,2023-06-20 00:00:00,2023-06-21 00:00:00,1458.15,301.57,93.13,7.5,0.25,914.11,2.87,590.51,307.51,94.1,36.69,DEPRESSION,3.33
500,15.3647,75.124,2023-06-20 00:00:00,2023-06-21 00:00:00,5486.56,270.87,78.79,14.46,-0.1,918.41,0.0,546.63,272.04,79.56,10.72,DEPRESSION,0.0
850,17.3297,76.8343,2023-06-20 00:00:00,2023-06-21 00:00:00,1470.64,296.25,44.11,-1.62,-1.05,920.76,0.0,198.15,305.92,38.99,27.75,NORMAL,0.1
500,17.3297,76.8343,2023-06-20 00:00:00,2023-06-21 00:00:00,5581.73,274.61,59.4,0.61,9.21,918.23,0.0,105.47,279.74,62.23,25.01,NORMAL,0.0
850,12.9716,77.5946,2023-07-05 00:00:00,2023-07-06 00:00:00,1456.95,294.11,71.78,5.75,2.56,925.92,1.12,223.23,303.3,76.91,25.53,NORMAL,1.42
500,12.9716,77.5946,2023-07-05 00:00:00,2023-07-06 00:00:00,5548.05,272.76,92.7,2.25,3.89,918.17,0.0,1455.19,274.67,96.83,19.35,NORMAL,0.0
850,12.2958,76.6394,2023-07-05 00:00:00,2023-07-06 00:00:00,1475.13,300.75,34.7,0.29,3.14,923.31,0.0,107.07,301.48,43.39,30.69,NORMAL,0.0
500,12.2958,76.6394,2023-07-05 00:00:00,2023-07-06 00:00:00,5410.46,264.31,94.78,5.69,6.12,917.78,0.0,442.94,276.25,96.39,26.12,NORMAL,0.0
850,12.9141,74.856,2023-07-05 00:00:00,2023-07-06 00:00:00,1467.14,295.26,59.07,3.32,0.84,1008.73,0.0,104.68,303.82,54.72,57.35,COASTAL_OROGRAPHIC,0.1
500,12.9141,74.856,2023-07-05 00:00:00,2023-07-06 00:00:00,5754.16,274.09,39.17,3.17,-1.87,1002.06,0.0,111.53,271.88,40.92,49.44,COASTAL_OROGRAPHIC,0.1
850,15.3647,75.124,2023-07-05 00:00:00,2023-07-06 00:00:00,1406.4,297.12,68.96,4.67,-1.91,925.2,0.0,0.0,304.11,64.6,13.85,COASTAL_OROGRAPHIC,0.0
500,15.3647,75.124,2023-07-05 00:00:00,2023-07-06 00:00:00,5454.68,263.55,78.64,4.76,-0.38,919.43,1.76,559.1,272.74,74.78,31.4,COASTAL_OROGRAPHIC,1.96
850,17.3297,76.8343,2023-07-05 00:00:00,2023-07-06 00:00:00,1574.9,305.67,35.54,-2.12,-0.01,920.16,0.0,190.83,305.14,39.71,19.73,NORMAL,0.0
500,17.3297,76.8343,2023-07-05 00:00:00,2023-07-06 00:00:00,5442.88,275.42,69.35,-12.16,5.64,909.3,0.0,441.63,279.81,80.4,16.58,NORMAL,0.0
850,12.9716,77.5946,2023-07-20 00:00:00,2023-07-21 00:00:00,1455.81,303.83,77.26,-0.44,-1.46,916.41,0.0,362.17,304.6,79.51,17.71,ACTIVE,0.0
500,12.9716,77.5946,2023-07-20 00:00:00,2023-07-21 00:00:00,5462.41,263.7,63.54,2.72,4.49,913.74,0.0,0.0,276.31,60.48,23.55,ACTIVE,0.0
850,12.2958,76.6394,2023-07-20 00:00:00,2023-07-21 00:00:00,1403.88,300.28,36.18,0.09,-4.28,921.69,0.0,86.83,302.84,30.13,28.17,NORMAL,0.0
500,12.2958,76.6394,2023-07-20 00:00:00,2023-07-21 00:00:00,5652.74,265.36,86.49,-6.65,8.81,919.69,5.59,200.48,275.4,88.43,24.82,NORMAL,6.23
850,12.9141,74.856,2023-07-20 00:00:00,2023-07-21 00:00:00,1446.18,302.4,81.37,1.8,-6.57,996.02,0.0,0.0,303.55,79.58,22.21,COASTAL_OROGRAPHIC,0.0
500,12.9141,74.856,2023-07-20 00:00:00,2023-07-21 00:00:00,5602.25,264.72,93.25,-0.76,-3.39,1016.46,2.3,1246.98,277.31,87.19,21.79,COASTAL_OROGRAPHIC,2.66
850,15.3647,75.124,2023-07-20 00:00:00,2023-07-21 00:00:00,1467.01,297.96,65.73,-0.52,3.24,911.97,0.0,129.18,300.98,64.17,25.11,COASTAL_OROGRAPHIC,0.0
500,15.3647,75.124,2023-07-20 00:00:00,2023-07-21 00:00:00,5637.01,267.35,61.89,4.33,4.16,911.5,0.0,473.21,273.54,66.71,16.63,COASTAL_OROGRAPHIC,0.1
850,17.3297,76.8343,2023-07-20 00:00:00,2023-07-21 00:00:00,1468.42,304.64,22.43,-0.28,6.14,925.22,0.0,98.93,309.19,10.58,11.48,BREAK,0.0
500,17.3297,76.8343,2023-07-20 00:00:00,2023-07-21 00:00:00,5536.04,269.88,26.26,10.84,-3.26,915.74,0.0,128.12,278.47,24.03,35.9,BREAK,0.0
850,12.9716,77.5946,2023-08-04 00:00:00,2023-08-05 00:00:00,1524.89,296.34,83.42,4.53,6.63,913.87,0.0,163.98,308.43,84.93,20.78,DEPRESSION,0.0
500,12.9716,77.5946,2023-08-04 00:00:00,2023-08-05 00:00:00,5459.76,261.46,71.67,-3.02,-0.33,927.08,10.43,809.3,273.45,68.46,11.71,DEPRESSION,11.4
850,12.2958,76.6394,2023-08-04 00:00:00,2023-08-05 00:00:00,1548.44,298.37,73.51,0.61,2.06,916.13,0.16,345.48,302.34,73.93,18.25,NORMAL,0.33
500,12.2958,76.6394,2023-08-04 00:00:00,2023-08-05 00:00:00,5454.39,267.92,88.18,-4.05,1.23,920.57,3.58,574.34,271.31,91.39,16.33,NORMAL,3.97
850,12.9141,74.856,2023-08-04 00:00:00,2023-08-05 00:00:00,1534.94,296.03,58.51,5.35,3.66,1012.15,0.0,88.56,305.05,63.45,29.14,COASTAL_OROGRAPHIC,0.0
500,12.9141,74.856,2023-08-04 00:00:00,2023-08-05 00:00:00,5386.6,266.36,37.59,-2.35,-1.72,1009.4,0.0,95.18,274.76,34.84,47.49,COASTAL_OROGRAPHIC,0.0
850,15.3647,75.124,2023-08-04 00:00:00,2023-08-05 00:00:00,1548.92,292.31,79.18,6.31,-3.32,930.37,0.0,185.48,305.35,82.76,24.2,COASTAL_OROGRAPHIC,0.1
500,15.3647,75.124,2023-08-04 00:00:00,2023-08-05 00:00:00,5720.42,265.7,88.12,8.17,0.97,918.06,0.0,1022.43,275.54,86.39,16.83,COASTAL_OROGRAPHIC,0.1
850,17.3297,76.8343,2023-08-04 00:00:00,2023-08-05 00:00:00,1505.56,306.33,39.44,-4.41,3.87,920.89,0.0,88.2,306.59,36.99,35.65,NORMAL,0.0
500,17.3297,76.8343,2023-08-04 00:00:00,2023-08-05 00:00:00,5495.49,272.57,73.89,-0.16,8.23,921.5,0.0,269.5,276.86,73.06,38.81,NORMAL,0.0
850,12.9716,77.5946,2023-08-19 00:00:00,2023-08-20 00:00:00,1531.19,301.07,55.85,-3.85,-1.88,933.9,0.0,48.1,300.44,59.52,38.46,NORMAL,0.1
500,12.9716,77.5946,2023-08-19 00:00:00,2023-08-20 00:00:00,5465.73,268.11,51.67,12.73,-5.18,910.09,0.0,25.04,274.95,57.29,35.0,NORMAL,0.0
850,12.2958,76.6394,2023-08-19 00:00:00,2023-08-20 00:00:00,1428.74,300.02,68.04,0.77,-8.21,915.9,0.0,329.28,302.63,67.1,30.49,DEPRESSION,0.1
500,12.2958,76.6394,2023-08-19 00:00:00,2023-08-20 00:00:00,5514.12,269.34,77.43,1.14,5.39,921.79,0.8,525.8,272.64,70.74,27.54,DEPRESSION,1.04
850,12.9141,74.856,2023-08-19 00:00:00,2023-08-20 00:00:00,1493.67,297.6,82.08,-4.33,2.75,1013.51,4.36,485.47,300.27,82.06,58.95,COASTAL_OROGRAPHIC,4.77
500,12.9141,74.856,2023-08-19 00:00:00,2023-08-20 00:00:00,5672.76,266.24,48.23,-2.51,4.24,1005.58,0.0,35.72,275.91,41.06,24.72,COASTAL_OROGRAPHIC,0.1
850,15.3647,75.124,2023-08-19 00:00:00,2023-08-20 00:00:00,1546.15,294.28,30.02,0.17,3.02,922.61,0.0,166.85,302.99,31.55,30.44,COASTAL_OROGRAPHIC,0.1
500,15.3647,75.124,2023-08-19 00:00:00,2023-08-20 00:00:00,5435.93,267.69,92.65,-7.02,2.33,921.82,2.18,227.93,274.14,91.96,10.67,COASTAL_OROGRAPHIC,2.48
850,17.3297,76.8343,2023-08-19 00:00:00,2023-08-20 00:00:00,1488.55,303.62,37.65,3.14,-5.6,922.86,0.0,56.97,304.32,29.31,33.5,NORMAL,0.0
500,17.3297,76.8343,2023-08-19 00:00:00,2023-08-20 00:00:00,5238.19,270.26,40.7,-0.45,0.4,916.86,0.0,191.47,278.18,38.2,34.08,NORMAL,0.1
850,12.9716,77.5946,2023-09-03 00:00:00,2023-09-04 00:00:00,1493.59,292.45,71.48,-2.87,-2.13,917.8,10.75,261.83,298.64,73.16,36.2,NORMAL,11.79
500,12.9716,77.5946,2023-09-03 00:00:00,2023-09-04 00:00:00,5395.96,263.25,43.47,-5.53,-3.02,914.09,0.0,149.8,271.75,44.09,15.74,NORMAL,0.1
850,12.2958,76.6394,2023-09-03 00:00:00,2023-09-04 00:00:00,1493.04,300.12,54.52,-4.04,4.24,915.75,0.0,75.85,304.21,51.2,10.48,BREAK,0.1
500,12.2958,76.6394,2023-09-03 00:00:00,2023-09-04 00:00:00,5599.33,261.94,62.93,-7.15,3.46,925.19,0.0,135.81,272.66,64.4,12.93,BREAK,0.0
850,12.9141,74.856,2023-09-03 00:00:00,2023-09-04 00:00:00,1537.67,298.3,65.84,-2.43,-0.33,1008.52,0.0,1499.37,303.69,58.8,51.88,COASTAL_OROGRAPHIC,0.1
500,12.9141,74.856,2023-09-03 00:00:00,2023-09-04 00:00:00,5519.13,266.59,65.62,6.79,3.65,999.87,0.0,652.57,276.14,71.53,20.98,COASTAL_OROGRAPHIC,0.0
850,15.3647,75.124,2023-09-03 00:00:00,2023-09-04 00:00:00,1453.92,292.92,73.51,4.19,-4.48,925.33,0.0,396.78,303.25,74.56,33.81,COASTAL_OROGRAPHIC,0.0
500,15.3647,75.124,2023-09-03 00:00:00,2023-09-04 00:00:00,5642.46,264.48,69.75,-3.19,6.17,922.95,0.0,1516.16,273.29,78.25,22.67,COASTAL_OROGRAPHIC,0.0
850,17.3297,76.8343,2023-09-03 00:00:00,2023-09-04 00:00:00,1496.25,301.11,38.46,6.48,-5.96,919.01,0.0,158.36,308.15,38.51,30.8,NORMAL,0.0
500,17.3297,76.8343,2023-09-03 00:00:00,2023-09-04 00:00:00,5546.0,273.89,53.97,0.89,1.27,922.42,0.0,127.57,278.91,48.9,16.45,NORMAL,0.0
850,12.9716,77.5946,2023-09-18 00:00:00,2023-09-19 00:00:00,1448.84,296.6,57.2,-14.27,5.78,912.23,0.0,178.33,304.63,55.17,32.4,DEPRESSION,0.1
500,12.9716,77.5946,2023-09-18 00:00:00,2023-09-19 00:00:00,5615.68,268.1,38.51,-2.9,3.62,916.42,0.0,95.17,272.87,39.12,37.09,DEPRESSION,0.0
850,12.2958,76.6394,2023-09-18 00:00:00,2023-09-19 00:00:00,1555.61,297.83,78.38,8.09,2.92,927.09,0.1,364.63,303.11,81.92,23.88,ACTIVE,0.31
500,12.2958,76.6394,2023-09-18 00:00:00,2023-09-19 00:00:00,5551.63,269.9,66.04,1.33,-4.28,930.72,0.0,312.09,273.47,71.82,15.92,ACTIVE,0.0
850,12.9141,74.856,2023-09-18 00:00:00,2023-09-19 00:00:00,1451.77,295.7,64.51,0.56,1.98,1003.65,0.0,0.0,307.34,65.02,37.89,COASTAL_OROGRAPHIC,0.1
500,12.9141,74.856,2023-09-18 00:00:00,2023-09-19 00:00:00,5626.68,270.7,37.35,0.92,-3.71,1012.35,0.0,68.89,270.47,43.99,26.83,COASTAL_OROGRAPHIC,0.1
850,15.3647,75.124,2023-09-18 00:00:00,2023-09-19 00:00:00,1427.38,299.35,57.52,-4.45,1.23,924.56,0.0,121.09,303.03,49.02,39.27,COASTAL_OROGRAPHIC,0.1
500,15.3647,75.124,2023-09-18 00:00:00,2023-09-19 00:00:00,5329.98,271.06,35.86,-1.94,1.81,923.41,0.0,148.13,270.7,46.85,35.75,COASTAL_OROGRAPHIC,0.1
850,17.3297,76.8343,2023-09-18 00:00:00,2023-09-19 00:00:00,1530.05,302.15,71.23,7.45,10.46,912.81,0.0,409.89,307.27,63.12,21.4,DEPRESSION,0.0
500,17.3297,76.8343,2023-09-18 00:00:00,2023-09-19 00:00:00,5496.08,273.25,39.26,-3.45,0.43,927.57,0.0,120.53,277.62,33.59,17.61,DEPRESSION,0.0
850,12.9716,77.5946,2023-10-03 00:00:00,2023-10-04 00:00:00,1461.88,296.97,37.6,0.62,-0.36,916.64,0.0,106.75,302.52,29.62,10.66,BREAK,0.0
500,12.9716,77.5946,2023-10-03 00:00:00,2023-10-04 00:00:00,5679.67,264.85,47.55,4.99,-3.55,913.79,0.0,83.76,274.4,56.61,35.76,BREAK,0.0
850,12.2958,76.6394,2023-10-03 00:00:00,2023-10-04 00:00:00,1482.78,298.92,73.78,3.73,-1.74,923.26,0.0,465.76,300.61,81.46,38.7,ACTIVE,0.1
500,12.2958,76.6394,2023-10-03 00:00:00,2023-10-04 00:00:00,5491.49,268.84,88.6,6.17,-1.52,924.32,0.0,0.0,272.26,79.95,15.13,ACTIVE,0.0
850,12.9141,74.856,2023-10-03 00:00:00,2023-10-04 00:00:00,1535.13,300.31,35.54,8.58,6.14,1005.72,0.0,95.76,304.47,37.08,50.63,COASTAL_OROGRAPHIC,0.0
500,12.9141,74.856,2023-10-03 00:00:00,2023-10-04 00:00:00,5410.27,269.24,45.05,4.38,-0.96,1004.52,0.0,44.42,271.65,46.11,32.64,COASTAL_OROGRAPHIC,0.0
850,15.3647,75.124,2023-10-03 00:00:00,2023-10-04 00:00:00,1465.24,292.88,48.24,5.87,1.72,915.64,0.0,70.61,305.77,52.92,30.64,COASTAL_OROGRAPHIC,0.0
500,15.3647,75.124,2023-10-03 00:00:00,2023-10-04 00:00:00,5417.62,264.76,92.13,1.6,4.2,919.18,0.0,974.33,272.65,86.32,26.12,COASTAL_OROGRAPHIC,0.0
850,17.3297,76.8343,2023-10-03 00:00:00,2023-10-04 00:00:00,1480.32,302.01,62.97,7.36,6.72,927.17,0.0,613.9,303.22,65.28,14.09,NORMAL,0.0
500,17.3297,76.8343,2023-10-03 00:00:00,2023-10-04 00:00:00,5600.09,271.92,68.3,10.72,4.44,922.84,0.0,934.55,277.82,55.83,34.09,NORMAL,0.1
850,12.9716,77.5946,2023-10-18 00:00:00,2023-10-19 00:00:00,1421.98,294.0,36.22,-3.22,8.14,928.41,0.0,55.81,303.44,32.82,33.16,DEPRESSION,0.1
500,12.9716,77.5946,2023-10-18 00:00:00,2023-10-19 00:00:00,5537.99,267.01,88.33,6.06,2.33,934.68,9.57,88.83,272.91,92.93,18.23,DEPRESSION,10.46
850,12.2958,76.6394,2023-10-18 00:00:00,2023-10-19 00:00:00,1425.38,293.45,48.65,5.3,-0.69,921.02,0.0,75.24,302.18,43.52,11.85,BREAK,0.1
500,12.2958,76.6394,2023-10-18 00:00:00,2023-10-19 00:00:00,5423.37,270.83,87.53,1.01,-5.02,925.35,4.19,465.98,277.28,88.32,35.42,BREAK,4.64
850,12.9141,74.856,2023-10-18 00:00:00,2023-10-19 00:00:00,1499.42,299.14,88.97,3.49,7.67,994.38,0.68,665.45,302.25,98.03,48.57,DEPRESSION,0.9
500,12.9141,74.856,2023-10-18 00:00:00,2023-10-19 00:00:00,5503.35,269.05,59.35,10.39,-2.29,1008.65,0.0,34.96,273.72,64.32,56.44,DEPRESSION,0.0
850,15.3647,75.124,2023-10-18 00:00:00,2023-10-19 00:00:00,1500.44,301.76,31.33,-5.62,3.86,917.89,0.0,135.32,305.39,37.32,16.64,COASTAL_OROGRAPHIC,0.1
500,15.3647,75.124,2023-10-18 00:00:00,2023-10-19 00:00:00,5454.61,267.88,48.8,4.69,3.21,931.25,0.0,54.62,275.49,50.66,22.75,COASTAL_OROGRAPHIC,0.1
850,17.3297,76.8343,2023-10-18 00:00:00,2023-10-19 00:00:00,1454.65,299.3,49.49,-8.37,-6.04,921.3,0.0,75.77,305.91,46.56,22.38,DEPRESSION,0.1
500,17.3297,76.8343,2023-10-18 00:00:00,2023-10-19 00:00:00,5356.63,273.47,40.43,10.46,-8.3,917.65,0.0,79.8,276.8,45.44,22.36,DEPRESSION,0.1
850,12.9716,77.5946,2023-11-02 00:00:00,2023-11-03 00:00:00,1472.82,298.14,66.02,10.83,3.01,917.23,0.0,211.71,303.14,60.39,16.43,NORMAL,0.0
500,12.9716,77.5946,2023-11-02 00:00:00,2023-11-03 00:00:00,5456.42,267.63,39.34,3.47,8.3,917.58,0.0,123.08,269.89,44.64,27.56,NORMAL,0.0
850,12.2958,76.6394,2023-11-02 00:00:00,2023-11-03 00:00:00,1487.1,296.42,44.49,0.5,-4.21,913.76,0.0,141.83,303.17,42.95,28.17,NORMAL,0.0
500,12.2958,76.6394,2023-11-02 00:00:00,2023-11-03 00:00:00,5547.62,268.43,60.63,5.7,1.51,917.43,0.0,881.1,271.57,56.27,25.13,NORMAL,0.0
850,12.9141,74.856,2023-11-02 00:00:00,2023-11-03 00:00:00,1584.68,299.22,34.41,6.25,3.49,1009.87,0.0,37.52,306.05,33.51,53.81,COASTAL_OROGRAPHIC,0.0
500,12.9141,74.856,2023-11-02 00:00:00,2023-11-03 00:00:00,5525.68,274.95,87.42,-7.92,0.82,1001.08,0.0,784.42,274.97,90.75,36.15,COASTAL_OROGRAPHIC,0.0
850,15.3647,75.124,2023-11-02 00:00:00,2023-11-03 00:00:00,1440.27,296.34,48.47,4.76,-1.93,918.5,0.0,18.63,303.52,48.25,21.73,COASTAL_OROGRAPHIC,0.1
500,15.3647,75.124,2023-11-02 00:00:00,2023-11-03 00:00:00,5654.52,273.23,57.22,-1.17,0.61,925.05,0.0,276.45,270.66,59.47,17.54,COASTAL_OROGRAPHIC,0.0
850,17.3297,76.8343,2023-11-02 00:00:00,2023-11-03 00:00:00,1527.07,300.92,38.02,1.79,-4.9,924.73,0.0,102.75,307.99,35.69,33.76,NORMAL,0.0
500,17.3297,76.8343,2023-11-02 00:00:00,2023-11-03 00:00:00,5402.01,271.35,29.36,-2.3,-2.56,909.45,0.0,166.97,275.78,35.18,14.29,NORMAL,0.1
850,12.9716,77.5946,2023-11-17 00:00:00,2023-11-18 00:00:00,1540.32,296.86,72.83,-3.44,11.24,928.75,0.0,487.39,304.58,74.34,11.73,DEPRESSION,0.0
500,12.9716,77.5946,2023-11-17 00:00:00,2023-11-18 00:00:00,5428.28,269.45,58.42,-3.17,-0.1,914.6,0.0,100.98,276.33,57.72,17.75,DEPRESSION,0.0
850,12.2958,76.6394,2023-11-17 00:00:00,2023-11-18 00:00:00,1499.52,298.89,74.63,0.57,5.6,918.75,0.0,372.88,302.29,79.46,29.64,NORMAL,0.0
500,12.2958,76.6394,2023-11-17 00:00:00,2023-11-18 00:00:00,5664.63,270.18,53.22,-7.19,4.59,918.16,0.0,135.13,270.49,59.08,21.74,NORMAL,0.0
850,12.9141,74.856,2023-11-17 00:00:00,2023-11-18 00:00:00,1437.42,296.67,56.7,2.47,8.22,1018.33,0.0,104.86,306.38,57.86,29.68,COASTAL_OROGRAPHIC,0.0
500,12.9141,74.856,2023-11-17 00:00:00,2023-11-18 00:00:00,5512.35,269.84,72.72,-0.89,0.69,1004.71,0.0,830.56,273.78,82.49,24.97,COASTAL_OROGRAPHIC,0.0
850,15.3647,75.124,2023-11-17 00:00:00,2023-11-18 00:00:00,1558.2,303.89,62.87,3.5,2.05,916.41,0.0,1183.68,307.03,67.14,20.51,COASTAL_OROGRAPHIC,0.0
500,15.3647,75.124,2023-11-17 00:00:00,2023-11-18 00:00:00,5432.83,267.32,54.28,4.05,-4.51,917.5,0.0,96.94,275.14,51.39,30.69,COASTAL_OROGRAPHIC,0.1
850,17.3297,76.8343,2023-11-17 00:00:00,2023-11-18 00:00:00,1553.68,304.99,37.1,0.58,-1.0,918.6,0.0,99.82,306.32,32.91,27.36,NORMAL,0.0
500,17.3297,76.8343,2023-11-17 00:00:00,2023-11-18 00:00:00,5476.63,274.29,62.93,4.96,6.68,927.3,0.0,1036.16,278.89,73.36,39.59,NORMAL,0.0
850,12.9716,77.5946,2023-12-02 00:00:00,2023-12-03 00:00:00,1536.6,300.77,86.71,13.22,-9.9,918.93,1.23,1001.0,302.04,86.87,28.46,DEPRESSION,1.62
500,12.9716,77.5946,2023-12-02 00:00:00,2023-12-03 00:00:00,5531.81,267.15,68.63,-3.78,2.29,913.18,0.0,287.25,274.15,63.72,28.28,DEPRESSION,0.0
850,12.2958,76.6394,2023-12-02 00:00:00,2023-12-03 00:00:00,1512.15,296.06,88.08,-5.86,-2.73,908.57,6.96,186.96,302.75,90.26,35.92,ACTIVE,7.69
500,12.2958,76.6394,2023-12-02 00:00:00,2023-12-03 00:00:00,5347.77,269.53,47.85,-7.55,4.08,925.59,0.0,31.57,273.81,53.13,35.6,ACTIVE,0.0
850,12.9141,74.856,2023-12-02 00:00:00,2023-12-03 00:00:00,1413.7,299.58,59.28,2.15,-0.03,1009.92,0.0,186.46,305.12,67.33,22.67,COASTAL_OROGRAPHIC,0.0
500,12.9141,74.856,2023-12-02 00:00:00,2023-12-03 00:00:00,5406.08,269.86,47.87,1.34,-2.15,995.36,0.0,130.59,275.9,54.58,33.31,COASTAL_OROGRAPHIC,0.0
850,15.3647,75.124,2023-12-02 00:00:00,2023-12-03 00:00:00,1562.73,300.35,71.43,0.7,1.11,915.33,11.29,1092.35,303.84,77.65,17.57,COASTAL_OROGRAPHIC,12.48
500,15.3647,75.124,2023-12-02 00:00:00,2023-12-03 00:00:00,5389.21,266.36,60.98,2.69,-6.54,920.27,0.0,846.12,272.2,69.36,28.9,COASTAL_OROGRAPHIC,0.1
850,17.3297,76.8343,2023-12-02 00:00:00,2023-12-03 00:00:00,1448.65,298.31,51.8,15.55,0.75,915.61,0.0,29.65,306.71,51.17,13.11,DEPRESSION,0.1
500,17.3297,76.8343,2023-12-02 00:00:00,2023-12-03 00:00:00,5587.91,268.38,67.94,-7.67,0.4,908.16,0.0,641.51,275.19,68.75,39.91,DEPRESSION,0.0
850,12.9716,77.5946,2023-12-17 00:00:00,2023-12-18 00:00:00,1454.14,292.54,76.16,7.31,-0.73,928.77,0.0,353.94,304.1,79.64,16.35,ACTIVE,0.0
500,12.9716,77.5946,2023-12-17 00:00:00,2023-12-18 00:00:00,5415.86,266.84,93.44,0.51,-5.61,919.58,1.24,346.53,273.2,96.57,34.57,ACTIVE,1.48
850,12.2958,76.6394,2023-12-17 00:00:00,2023-12-18 00:00:00,1502.88,296.46,50.48,4.96,1.4,918.05,0.0,125.81,301.84,47.42,37.67,NORMAL,0.0
500,12.2958,76.6394,2023-12-17 00:00:00,2023-12-18 00:00:00,5552.73,269.38,55.53,-14.11,2.58,920.17,0.0,15.96,273.77,57.91,22.69,NORMAL,0.0
850,12.9141,74.856,2023-12-17 00:00:00,2023-12-18 00:00:00,1515.13,292.27,78.15,5.43,3.96,1000.62,0.0,764.18,300.08,76.34,50.2,DEPRESSION,0.1
500,12.9141,74.856,2023-12-17 00:00:00,2023-12-18 00:00:00,5459.69,266.59,55.94,-3.94,8.96,1004.89,0.0,60.92,274.4,65.42,54.88,DEPRESSION,0.1
850,15.3647,75.124,2023-12-17 00:00:00,2023-12-18 00:00:00,1487.66,296.7,90.88,7.93,-6.57,916.81,3.3,924.43,302.32,87.26,14.34,DEPRESSION,3.72
500,15.3647,75.124,2023-12-17 00:00:00,2023-12-18 00:00:00,5563.67,266.45,76.63,2.22,3.75,909.67,0.0,1348.65,278.0,73.76,39.58,DEPRESSION,0.0
850,17.3297,76.8343,2023-12-17 00:00:00,2023-12-18 00:00:00,1549.56,301.9,56.16,0.83,4.45,919.55,0.0,124.73,310.3,59.95,38.52,NORMAL,0.1
500,17.3297,76.8343,2023-12-17 00:00:00,2023-12-18 00:00:00,5415.61,274.59,48.64,6.38,-1.93,929.9,0.0,132.12,276.72,38.54,28.52,NORMAL,0.0
850,12.9716,77.5946,2024-01-01 00:00:00,2024-01-02 00:00:00,1479.65,294.28,92.51,10.7,1.34,911.15,0.0,65.21,305.36,81.13,26.3,ACTIVE,0.1
500,12.9716,77.5946,2024-01-01 00:00:00,2024-01-02 00:00:00,5499.13,264.79,62.24,1.71,0.8,920.8,0.0,764.91,271.07,70.68,37.27,ACTIVE,0.0
850,12.2958,76.6394,2024-01-01 00:00:00,2024-01-02 00:00:00,1532.33,301.94,53.96,0.71,2.11,915.33,0.0,50.15,304.53,51.74,10.96,BREAK,0.1
500,12.2958,76.6394,2024-01-01 00:00:00,2024-01-02 00:00:00,5464.73,267.59,42.99,5.49,-1.52,919.41,0.0,100.75,269.32,35.64,13.42,BREAK,0.0
850,12.9141,74.856,2024-01-01 00:00:00,2024-01-02 00:00:00,1551.87,302.72,76.86,5.6,8.28,1004.58,1.57,759.55,305.66,76.65,23.04,COASTAL_OROGRAPHIC,1.81
500,12.9141,74.856,2024-01-01 00:00:00,2024-01-02 00:00:00,5501.19,275.1,81.47,6.17,1.68,1003.38,0.0,473.38,275.9,81.87,53.86,COASTAL_OROGRAPHIC,0.0
850,15.3647,75.124,2024-01-01 00:00:00,2024-01-02 00:00:00,1621.31,300.77,47.31,6.52,0.1,927.18,0.0,64.8,301.04,46.98,37.84,COASTAL_OROGRAPHIC,0.0
500,15.3647,75.124,2024-01-01 00:00:00,2024-01-02 00:00:00,5466.98,273.21,53.87,11.83,0.84,926.25,0.0,47.18,275.3,59.1,24.78,COASTAL_OROGRAPHIC,0.1
850,17.3297,76.8343,2024-01-01 00:00:00,2024-01-02 00:00:00,1543.14,302.08,44.76,-1.13,-2.91,920.61,0.0,79.05,305.5,39.47,33.12,NORMAL,0.1
500,17.3297,76.8343,2024-01-01 00:00:00,2024-01-02 00:00:00,5423.11,268.71,29.3,-0.28,2.36,922.28,0.0,0.0,279.19,36.48,34.32,NORMAL,0.0
850,12.9716,77.5946,2024-01-16 00:00:00,2024-01-17 00:00:00,1495.32,298.02,48.21,-0.25,-2.02,921.12,0.0,2.67,300.91,55.9,31.58,NORMAL,0.0
500,12.9716,77.5946,2024-01-16 00:00:00,2024-01-17 00:00:00,5402.22,264.4,65.18,5.18,0.53,917.72,0.0,597.98,274.1,68.72,28.33,NORMAL,0.1
850,12.2958,76.6394,2024-01-16 00:00:00,2024-01-17 00:00:00,1560.77,297.06,44.4,16.72,3.9,931.85,0.0,169.77,303.63,45.9,38.3,DEPRESSION,0.0
500,12.2958,76.6394,2024-01-16 00:00:00,2024-01-17 00:00:00,5453.61,267.34,62.18,2.09,5.84,917.0,0.0,664.78,274.85,57.63,14.94,DEPRESSION,0.1
850,12.9141,74.856,2024-01-16 00:00:00,2024-01-17 00:00:00,1459.08,295.27,52.74,-2.5,6.68,1000.42,0.0,106.32,303.14,58.64,45.94,COASTAL_OROGRAPHIC,0.0
500,12.9141,74.856,2024-01-16 00:00:00,2024-01-17 00:00:00,5568.03,266.52,87.5,-3.96,8.77,1001.2,0.0,765.46,275.34,92.22,50.63,COASTAL_OROGRAPHIC,0.1
850,15.3647,75.124,2024-01-16 00:00:00,2024-01-17 00:00:00,1476.53,303.33,55.12,4.81,-3.89,929.91,0.0,77.78,305.56,55.85,32.85,COASTAL_OROGRAPHIC,0.1
500,15.3647,75.124,2024-01-16 00:00:00,2024-01-17 00:00:00,5539.7,269.87,72.33,6.23,-0.37,922.66,0.0,682.64,274.03,76.49,25.6,COASTAL_OROGRAPHIC,0.0
850,17.3297,76.8343,2024-01-16 00:00:00,2024-01-17 00:00:00,1560.33,301.26,30.67,2.22,-6.34,926.94,0.0,107.12,307.91,37.5,33.42,NORMAL,0.0
500,17.3297,76.8343,2024-01-16 00:00:00,2024-01-17 00:00:00,5394.14,274.6,42.52,0.12,3.8,910.62,0.0,159.0,279.25,43.01,37.37,NORMAL,0.0
850,12.9716,77.5946,2024-01-31 00:00:00,2024-02-01 00:00:00,1414.72,297.32,65.69,5.91,-2.65,919.9,0.0,400.85,302.29,65.64,30.61,NORMAL,0.0
500,12.9716,77.5946,2024-01-31 00:00:00,2024-02-01 00:00:00,5323.34,269.69,49.56,0.37,-3.68,921.01,0.0,22.15,273.23,42.45,14.72,NORMAL,0.0
850,12.2958,76.6394,2024-01-31 00:00:00,2024-02-01 00:00:00,1539.12,301.64,37.18,-1.86,0.77,912.43,0.0,131.54,306.68,51.14,37.73,NORMAL,0.1
500,12.2958,76.6394,2024-01-31 00:00:00,2024-02-01 00:00:00,5630.61,274.78,56.11,5.88,-0.94,926.19,0.0,87.28,272.23,58.48,31.03,NORMAL,0.1
850,12.9141,74.856,2024-01-31 00:00:00,2024-02-01 00:00:00,1447.16,296.08,49.26,-2.55,4.04,1001.92,0.0,32.6,302.94,49.1,58.82,COASTAL_OROGRAPHIC,0.0
500,12.9141,74.856,2024-01-31 00:00:00,2024-02-01 00:00:00,5618.16,266.25,50.72,12.56,-2.44,1003.38,0.0,81.64,273.31,53.82,35.21,COASTAL_OROGRAPHIC,0.1
850,15.3647,75.124,2024-01-31 00:00:00,2024-02-01 00:00:00,1541.89,299.25,52.21,1.52,7.92,908.77,0.0,109.77,306.99,50.44,36.52,COASTAL_OROGRAPHIC,0.0
500,15.3647,75.124,2024-01-31 00:00:00,2024-02-01 00:00:00,5562.25,267.07,36.89,0.31,-1.51,926.14,0.0,123.05,273.65,40.93,10.17,COASTAL_OROGRAPHIC,0.0
850,17.3297,76.8343,2024-01-31 00:00:00,2024-02-01 00:00:00,1386.12,302.22,22.39,-3.3,-1.0,917.42,0.0,206.23,301.6,21.49,38.68,NORMAL,0.0
500,17.3297,76.8343,2024-01-31 00:00:00,2024-02-01 00:00:00,5350.66,272.41,60.48,5.77,1.4,916.66,0.0,0.0,277.56,56.6,18.65,NORMAL,0.0
850,12.9716,77.5946,2024-02-15 00:00:00,2024-02-16 00:00:00,1439.04,298.63,64.6,3.09,-0.86,914.11,0.0,687.42,306.72,63.36,25.88,NORMAL,0.0
500,12.9716,77.5946,2024-02-15 00:00:00,2024-02-16 00:00:00,5404.54,263.28,69.68,2.88,2.8,919.63,0.0,183.69,275.18,67.66,22.55,NORMAL,0.1
850,12.2958,76.6394,2024-02-15 00:00:00,2024-02-16 00:00:00,1455.35,304.23,80.34,2.44,-0.76,917.36,0.0,69.71,299.05,78.43,13.22,ACTIVE,0.0
500,12.2958,76.6394,2024-02-15 00:00:00,2024-02-16 00:00:00,5496.01,269.98,37.52,8.95,6.26,929.64,0.0,102.33,275.52,39.06,12.17,ACTIVE,0.0
850,12.9141,74.856,2024-02-15 00:00:00,2024-02-16 00:00:00,1595.86,300.18,54.65,7.77,-5.1,1004.95,0.0,149.58,303.43,60.61,24.1,COASTAL_OROGRAPHIC,0.0
500,12.9141,74.856,2024-02-15 00:00:00,2024-02-16 00:00:00,5387.14,264.55,76.67,-1.62,-2.58,999.29,0.0,561.21,273.43,70.54,34.22,COASTAL_OROGRAPHIC,0.0
850,15.3647,75.124,2024-02-15 00:00:00,2024-02-16 00:00:00,1573.48,298.3,38.31,-1.2,6.93,916.33,0.0,30.04,298.84,38.16,17.26,COASTAL_OROGRAPHIC,0.1
500,15.3647,75.124,2024-02-15 00:00:00,2024-02-16 00:00:00,5494.57,267.38,80.21,7.95,3.67,919.86,0.0,1045.73,274.93,85.5,17.39,COASTAL_OROGRAPHIC,0.0
850,17.3297,76.8343,2024-02-15 00:00:00,2024-02-16 00:00:00,1508.49,303.34,59.73,0.75,-4.35,919.13,0.0,66.14,305.8,66.9,19.91,NORMAL,0.0
500,17.3297,76.8343,2024-02-15 00:00:00,2024-02-16 00:00:00,5525.47,275.13,22.62,-3.42,-0.45,916.8,0.0,115.87,274.66,27.41,15.97,NORMAL,0.0
850,12.9716,77.5946,2024-03-01 00:00:00,2024-03-02 00:00:00,1497.56,297.02,61.43,-8.15,1.05,918.4,0.0,118.22,305.34,64.78,25.92,NORMAL,0.0
500,12.9716,77.5946,2024-03-01 00:00:00,2024-03-02 00:00:00,5539.4,264.21,48.68,-0.47,-1.67,920.54,0.0,23.06,274.44,49.13,15.87,NORMAL,0.1
850,12.2958,76.6394,2024-03-01 00:00:00,2024-03-02 00:00:00,1524.6,301.46,66.42,-2.3,-2.55,923.56,0.0,112.38,302.68,73.79,30.94,NORMAL,0.1
500,12.2958,76.6394,2024-03-01 00:00:00,2024-03-02 00:00:00,5463.84,264.86,55.88,5.02,1.43,920.07,0.0,61.56,273.35,45.54,10.72,NORMAL,0.1
850,12.9141,74.856,2024-03-01 00:00:00,2024-03-02 00:00:00,1472.37,301.99,66.01,-6.83,-0.63,1000.63,0.0,0.0,300.04,60.1,53.86,COASTAL_OROGRAPHIC,0.0
500,12.9141,74.856,2024-03-01 00:00:00,2024-03-02 00:00:00,5286.42,273.71,45.01,3.1,7.69,1007.86,0.0,131.43,275.55,40.39,52.0,COASTAL_OROGRAPHIC,0.0
850,15.3647,75.124,2024-03-01 00:00:00,2024-03-02 00:00:00,1475.8,295.06,30.17,-8.25,-1.73,913.35,0.0,111.71,302.31,33.3,16.79,COASTAL_OROGRAPHIC,0.1
500,15.3647,75.124,2024-03-01 00:00:00,2024-03-02 00:00:00,5139.89,267.51,43.98,-1.86,-1.13,924.69,0.0,137.95,276.75,42.4,32.08,COASTAL_OROGRAPHIC,0.0
850,17.3297,76.8343,2024-03-01 00:00:00,2024-03-02 00:00:00,1527.15,300.65,30.24,0.99,7.61,923.52,0.0,140.44,310.37,34.75,10.55,BREAK,0.0
500,17.3297,76.8343,2024-03-01 00:00:00,2024-03-02 00:00:00,5359.11,275.24,20.51,-3.66,4.55,925.07,0.0,132.59,276.76,23.25,13.19,BREAK,0.0
850,12.9716,77.5946,2024-03-16 00:00:00,2024-03-17 00:00:00,1497.61,302.88,44.41,-2.53,-2.25,923.77,0.0,106.69,304.3,38.26,32.83,NORMAL,0.1
500,12.9716,77.5946,2024-03-16 00:00:00,2024-03-17 00:00:00,5617.84,266.01,41.42,8.81,-0.46,931.01,0.0,0.0,270.06,48.04,21.78,NORMAL,0.1
850,12.2958,76.6394,2024-03-16 00:00:00,2024-03-17 00:00:00,1508.32,299.27,65.25,0.85,1.6,920.05,0.0,0.0,302.46,65.32,17.94,BREAK,0.0
500,12.2958,76.6394,2024-03-16 00:00:00,2024-03-17 00:00:00,5551.99,276.28,90.17,-3.28,8.2,918.27,2.63,387.34,275.99,91.64,32.16,BREAK,3.04
850,12.9141,74.856,2024-03-16 00:00:00,2024-03-17 00:00:00,1504.35,296.15,83.84,6.05,-1.9,1005.27,1.53,550.22,299.83,80.68,34.12,COASTAL_OROGRAPHIC,1.89
500,12.9141,74.856,2024-03-16 00:00:00,2024-03-17 00:00:00,5571.33,273.09,74.1,1.86,-4.69,1004.39,0.85,1083.47,275.54,79.94,36.37,COASTAL_OROGRAPHIC,1.05
850,15.3647,75.124,2024-03-16 00:00:00,2024-03-17 00:00:00,1454.42,300.61,82.72,7.2,-3.08,918.86,6.42,123.99,305.57,73.94,25.11,COASTAL_OROGRAPHIC,7.07
500,15.3647,75.124,2024-03-16 00:00:00,2024-03-17 00:00:00,5505.97,268.73,33.62,7.37,1.87,915.88,0.0,98.18,269.33,37.06,14.65,COASTAL_OROGRAPHIC,0.0
850,17.3297,76.8343,2024-03-16 00:00:00,2024-03-17 00:00:00,1559.68,302.37,71.33,5.03,4.85,917.25,0.64,165.84,305.48,67.93,27.97,NORMAL,0.93
500,17.3297,76.8343,2024-03-16 00:00:00,2024-03-17 00:00:00,5417.77,276.41,50.51,10.2,-6.69,922.89,0.0,91.1,277.46,48.52,36.74,NORMAL,0.0
850,12.9716,77.5946,2024-03-31 00:00:00,2024-04-01 00:00:00,1525.14,296.58,49.24,-0.24,1.94,922.99,0.0,142.67,302.16,50.65,31.53,NORMAL,0.1
500,12.9716,77.5946,2024-03-31 00:00:00,2024-04-01 00:00:00,5550.83,270.96,32.7,1.71,0.12,920.96,0.0,42.51,272.76,36.43,35.35,NORMAL,0.1
850,12.2958,76.6394,2024-03-31 00:00:00,2024-04-01 00:00:00,1609.68,295.15,91.0,0.62,-0.45,919.69,0.0,320.85,303.71,95.93,28.42,ACTIVE,0.0
500,12.2958,76.6394,2024-03-31 00:00:00,2024-04-01 00:00:00,5506.97,265.48,58.93,0.9,-0.28,919.66,0.0,50.88,274.72,60.78,32.48,ACTIVE,0.0
850,12.9141,74.856,2024-03-31 00:00:00,2024-04-01 00:00:00,1457.25,296.15,51.51,2.44,-6.03,1007.95,0.0,0.0,302.09,59.38,30.05,COASTAL_OROGRAPHIC,0.1
500,12.9141,74.856,2024-03-31 00:00:00,2024-04-01 00:00:00,5398.24,267.77,78.22,5.82,5.7,1007.39,1.23,0.0,279.88,73.71,39.67,COASTAL_OROGRAPHIC,1.45
850,15.3647,75.124,2024-03-31 00:00:00,2024-04-01 00:00:00,1525.95,303.28,37.13,-0.91,2.6,913.4,0.0,88.06,305.72,36.84,38.52,COASTAL_OROGRAPHIC,0.0
500,15.3647,75.124,2024-03-31 00:00:00,2024-04-01 00:00:00,5630.1,263.9,69.22,4.92,-0.07,920.83,0.0,923.98,270.76,64.15,11.0,COASTAL_OROGRAPHIC,0.0
850,17.3297,76.8343,2024-03-31 00:00:00,2024-04-01 00:00:00,1566.07,301.53,37.88,8.65,0.52,913.3,0.0,75.72,304.17,32.26,15.28,BREAK,0.0
500,17.3297,76.8343,2024-03-31 00:00:00,2024-04-01 00:00:00,5740.61,270.58,67.61,2.43,-0.11,923.86,0.0,813.26,277.82,70.44,37.83,BREAK,0.0
850,12.9716,77.5946,2024-04-15 00:00:00,2024-04-16 00:00:00,1395.41,298.27,30.92,0.63,-0.83,916.55,0.0,123.38,305.77,36.77,10.16,BREAK,0.0
500,12.9716,77.5946,2024-04-15 00:00:00,2024-04-16 00:00:00,5574.24,269.05,52.41,0.41,3.4,915.47,0.0,107.1,273.78,44.99,32.92,BREAK,0.0
850,12.2958,76.6394,2024-04-15 00:00:00,2024-04-16 00:00:00,1529.73,294.15,30.06,1.13,6.44,919.05,0.0,142.48,298.71,42.16,23.43,NORMAL,0.1
500,12.2958,76.6394,2024-04-15 00:00:00,2024-04-16 00:00:00,5653.22,268.6,50.59,-5.22,2.78,922.06,0.0,52.93,275.39,54.61,25.11,NORMAL,0.0
850,12.9141,74.856,2024-04-15 00:00:00,2024-04-16 00:00:00,1557.69,300.68,49.74,0.65,-4.56,1011.76,0.0,204.97,304.07,60.54,21.28,COASTAL_OROGRAPHIC,0.1
500,12.9141,74.856,2024-04-15 00:00:00,2024-04-16 00:00:00,5578.19,273.66,57.09,-1.9,3.94,1002.2,0.0,76.98,276.21,55.19,53.12,COASTAL_OROGRAPHIC,0.0
850,15.3647,75.124,2024-04-15 00:00:00,2024-04-16 00:00:00,1411.99,302.17,76.85,-1.27,-1.04,920.4,16.93,628.37,305.68,71.8,16.68,COASTAL_OROGRAPHIC,18.52
500,15.3647,75.124,2024-04-15 00:00:00,2024-04-16 00:00:00,5328.43,268.41,50.78,-0.61,-1.93,915.43,0.0,99.11,271.55,51.88,32.63,COASTAL_OROGRAPHIC,0.1
850,17.3297,76.8343,2024-04-15 00:00:00,2024-04-16 00:00:00,1529.03,303.12,24.01,1.86,6.32,921.59,0.0,154.78,308.37,17.42,23.81,NORMAL,0.0
500,17.3297,76.8343,2024-04-15 00:00:00,2024-04-16 00:00:00,5416.49,273.13,51.19,-0.42,1.22,924.0,0.0,97.11,280.44,44.46,33.39,NORMAL,0.0
850,12.9716,77.5946,2024-04-30 00:00:00,2024-05-01 00:00:00,1574.9,298.46,85.77,6.46,0.0,915.99,0.0,121.12,302.4,92.49,16.87,ACTIVE,0.0
500,12.9716,77.5946,2024-04-30 00:00:00,2024-05-01 00:00:00,5479.19,269.08,84.2,12.6,4.91,908.07,9.35,273.9,272.71,79.16,20.34,ACTIVE,10.23
850,12.2958,76.6394,2024-04-30 00:00:00,2024-05-01 00:00:00,1493.15,288.73,63.73,2.21,-3.58,916.49,0.0,271.14,307.0,58.21,31.83,NORMAL,0.0
500,12.2958,76.6394,2024-04-30 00:00:00,2024-05-01 00:00:00,5698.54,267.17,55.21,9.42,-4.26,925.99,0.0,99.11,273.03,55.56,14.09,NORMAL,0.1
850,12.9141,74.856,2024-04-30 00:00:00,2024-05-01 00:00:00,1547.3,294.82,31.21,0.7,2.48,1005.88,0.0,117.46,302.71,34.37,29.37,COASTAL_OROGRAPHIC,0.0
500,12.9141,74.856,2024-04-30 00:00:00,2024-05-01 00:00:00,5508.39,265.27,49.85,-2.54,-0.91,1008.07,0.0,68.66,274.6,50.16,33.25,COASTAL_OROGRAPHIC,0.0
850,15.3647,75.124,2024-04-30 00:00:00,2024-05-01 00:00:00,1450.42,298.7,88.91,4.74,6.09,922.17,0.0,0.0,305.48,93.54,38.95,COASTAL_OROGRAPHIC,0.1
500,15.3647,75.124,2024-04-30 00:00:00,2024-05-01 00:00:00,5539.93,273.58,81.38,-1.09,-2.18,909.64,6.85,561.61,275.99,80.75,27.42,COASTAL_OROGRAPHIC,7.58
850,17.3297,76.8343,2024-04-30 00:00:00,2024-05-01 00:00:00,1556.91,300.06,65.73,3.77,-5.9,919.36,0.0,0.0,304.86,61.27,39.01,NORMAL,0.0
500,17.3297,76.8343,2024-04-30 00:00:00,2024-05-01 00:00:00,5447.9,273.47,74.13,5.3,0.41,920.16,0.48,430.16,279.46,79.94,30.07,NORMAL,0.65
850,12.9716,77.5946,2024-05-15 00:00:00,2024-05-16 00:00:00,1470.79,298.04,55.87,-0.4,-6.5,914.21,0.0,0.96,303.07,59.96,28.71,NORMAL,0.0
500,12.9716,77.5946,2024-05-15 00:00:00,2024-05-16 00:00:00,5606.28,266.8,57.98,-6.78,-4.08,915.56,0.0,92.01,271.12,59.67,25.67,NORMAL,0.0
850,12.2958,76.6394,2024-05-15 00:00:00,2024-05-16 00:00:00,1601.24,297.6,93.59,0.33,4.54,924.4,8.93,121.4,303.71,92.68,19.28,ACTIVE,9.79
500,12.2958,76.6394,2024-05-15 00:00:00,2024-05-16 00:00:00,5683.26,268.99,61.06,5.64,-2.92,921.15,0.0,0.0,272.16,53.65,16.98,ACTIVE,0.1
850,12.9141,74.856,2024-05-15 00:00:00,2024-05-16 00:00:00,1498.74,302.4,76.28,-2.13,1.64,1000.6,4.72,704.69,303.14,68.68,34.02,COASTAL_OROGRAPHIC,5.19
500,12.9141,74.856,2024-05-15 00:00:00,2024-05-16 00:00:00,5520.34,265.82,75.81,1.29,4.51,1008.95,0.68,491.19,279.51,73.69,47.57,COASTAL_OROGRAPHIC,0.94
850,15.3647,75.124,2024-05-15 00:00:00,2024-05-16 00:00:00,1494.32,295.89,81.1,-2.04,0.0,924.38,7.94,623.35,302.21,86.71,28.05,COASTAL_OROGRAPHIC,8.87
500,15.3647,75.124,2024-05-15 00:00:00,2024-05-16 00:00:00,5627.9,263.28,88.79,-14.21,2.19,919.99,0.0,555.99,275.87,89.07,33.31,COASTAL_OROGRAPHIC,0.1
850,17.3297,76.8343,2024-05-15 00:00:00,2024-05-16 00:00:00,1547.33,304.2,33.98,0.43,-0.04,930.49,0.0,129.87,305.87,34.3,32.37,NORMAL,0.0
500,17.3297,76.8343,2024-05-15 00:00:00,2024-05-16 00:00:00,5507.96,278.77,47.65,-4.48,0.87,916.19,0.0,75.26,276.2,44.09,27.72,NORMAL,0.0
850,12.9716,77.5946,2024-05-30 00:00:00,2024-05-31 00:00:00,1517.16,294.92,81.59,-1.42,3.97,921.5,5.73,442.07,302.14,82.79,22.55,ACTIVE,6.36
500,12.9716,77.5946,2024-05-30 00:00:00,2024-05-31 00:00:00,5525.06,264.19,59.13,-6.26,4.87,922.72,0.0,122.47,274.99,56.74,13.11,ACTIVE,0.1
850,12.2958,76.6394,2024-05-30 00:00:00,2024-05-31 00:00:00,1512.41,297.38,35.39,-0.16,9.74,918.77,0.0,136.76,303.16,26.15,23.68,DEPRESSION,0.1
500,12.2958,76.6394,2024-05-30 00:00:00,2024-05-31 00:00:00,5395.29,272.06,79.37,6.57,-2.95,928.08,0.23,114.04,269.88,78.03,21.11,DEPRESSION,0.32
850,12.9141,74.856,2024-05-30 00:00:00,2024-05-31 00:00:00,1480.01,299.21,62.83,4.28,1.1,999.52,0.0,0.0,306.49,60.09,40.96,COASTAL_OROGRAPHIC,0.1
500,12.9141,74.856,2024-05-30 00:00:00,2024-05-31 00:00:00,5522.91,272.52,82.39,4.02,-1.78,996.24,0.0,279.73,269.72,81.41,30.06,COASTAL_OROGRAPHIC,0.0
850,15.3647,75.124,2024-05-30 00:00:00,2024-05-31 00:00:00,1537.41,301.26,45.91,-5.38,5.23,917.34,0.0,80.57,300.9,47.8,25.86,COASTAL_OROGRAPHIC,0.0
500,15.3647,75.124,2024-05-30 00:00:00,2024-05-31 00:00:00,5573.61,263.2,32.28,-2.32,5.54,918.42,0.0,168.72,274.76,17.56,31.39,COASTAL_OROGRAPHIC,0.0
850,17.3297,76.8343,2024-05-30 00:00:00,2024-05-31 00:00:00,1481.8,300.33,50.58,-1.17,-6.62,919.56,0.0,210.53,308.76,61.54,32.19,NORMAL,0.1
500,17.3297,76.8343,2024-05-30 00:00:00,2024-05-31 00:00:00,5684.39,273.07,57.34,1.06,5.13,927.27,0.0,76.0,275.71,58.03,36.76,NORMAL,0.0
850,12.9716,77.5946,2024-06-14 00:00:00,2024-06-15 00:00:00,1470.43,298.54,57.81,-1.21,-0.06,915.49,0.0,234.92,303.63,53.55,32.14,NORMAL,0.1
500,12.9716,77.5946,2024-06-14 00:00:00,2024-06-15 00:00:00,5518.85,269.01,56.62,-2.13,-0.97,909.95,0.0,33.8,276.77,64.82,32.5,NORMAL,0.1
850,12.2958,76.6394,2024-06-14 00:00:00,2024-06-15 00:00:00,1501.21,295.24,85.79,1.2,0.03,920.28,6.5,450.03,304.64,85.21,27.71,ACTIVE,7.28
500,12.2958,76.6394,2024-06-14 00:00:00,2024-06-15 00:00:00,5538.82,271.24,49.29,5.62,-0.04,918.31,0.0,160.73,273.12,50.59,26.62,ACTIVE,0.1
850,12.9141,74.856,2024-06-14 00:00:00,2024-06-15 00:00:00,1516.62,293.18,34.88,2.37,1.39,1006.88,0.0,75.49,301.62,43.65,30.16,COASTAL_OROGRAPHIC,0.0
500,12.9141,74.856,2024-06-14 00:00:00,2024-06-15 00:00:00,5577.05,270.44,65.6,-1.94,1.84,998.05,0.0,452.66,275.38,60.03,56.45,COASTAL_OROGRAPHIC,0.0
850,15.3647,75.124,2024-06-14 00:00:00,2024-06-15 00:00:00,1478.2,294.18,72.17,3.87,3.23,920.54,3.97,935.74,302.38,67.59,21.69,COASTAL_OROGRAPHIC,4.38
500,15.3647,75.124,2024-06-14 00:00:00,2024-06-15 00:00:00,5502.06,270.49,86.83,1.08,0.18,913.18,1.77,128.69,275.14,89.08,25.76,COASTAL_OROGRAPHIC,1.98
850,17.3297,76.8343,2024-06-14 00:00:00,2024-06-15 00:00:00,1427.09,302.52,50.53,-2.14,3.87,912.92,0.0,31.43,307.02,53.29,32.65,NORMAL,0.0
500,17.3297,76.8343,2024-06-14 00:00:00,2024-06-15 00:00:00,5589.58,269.64,51.45,1.7,4.87,922.22,0.0,109.11,277.81,53.02,27.07,NORMAL,0.0
850,12.9716,77.5946,2024-06-29 00:00:00,2024-06-30 00:00:00,1491.54,300.03,58.09,-9.53,7.64,914.22,0.0,227.07,307.39,51.46,14.18,DEPRESSION,0.0
500,12.9716,77.5946,2024-06-29 00:00:00,2024-06-30 00:00:00,5529.51,266.42,89.08,-1.2,-1.47,922.24,1.76,629.85,271.95,84.73,24.28,DEPRESSION,1.98
850,12.2958,76.6394,2024-06-29 00:00:00,2024-06-30 00:00:00,1583.02,296.85,49.36,-1.83,0.68,916.82,0.0,137.05,302.57,50.11,38.65,NORMAL,0.0
500,12.2958,76.6394,2024-06-29 00:00:00,2024-06-30 00:00:00,5482.8,268.79,82.62,1.88,3.04,916.02,0.0,1059.77,270.69,81.57,39.46,NORMAL,0.0
850,12.9141,74.856,2024-06-29 00:00:00,2024-06-30 00:00:00,1457.44,299.71,70.72,12.21,2.92,1005.72,0.0,100.68,302.38,67.6,20.45,COASTAL_OROGRAPHIC,0.0
500,12.9141,74.856,2024-06-29 00:00:00,2024-06-30 00:00:00,5387.77,271.49,45.02,7.04,1.09,1000.68,0.0,179.48,272.65,34.21,27.08,COASTAL_OROGRAPHIC,0.0
850,15.3647,75.124,2024-06-29 00:00:00,2024-06-30 00:00:00,1568.92,293.96,85.4,5.02,6.61,913.96,4.48,273.63,300.07,85.02,15.86,DEPRESSION,5.14
500,15.3647,75.124,2024-06-29 00:00:00,2024-06-30 00:00:00,5442.28,269.58,44.88,-11.0,6.72,924.99,0.0,110.53,272.86,50.3,10.46,DEPRESSION,0.1
850,17.3297,76.8343,2024-06-29 00:00:00,2024-06-30 00:00:00,1433.76,307.89,50.68,-2.86,2.7,914.57,0.0,125.08,305.59,56.73,31.3,NORMAL,0.0
500,17.3297,76.8343,2024-06-29 00:00:00,2024-06-30 00:00:00,5444.47,271.81,58.78,5.42,-1.53,925.98,0.0,189.34,276.62,47.81,27.92,NORMAL,0.0
850,12.9716,77.5946,2024-07-14 00:00:00,2024-07-15 00:00:00,1486.84,303.84,58.19,-1.03,-1.52,923.9,0.0,132.97,304.85,58.21,31.2,NORMAL,0.0
500,12.9716,77.5946,2024-07-14 00:00:00,2024-07-15 00:00:00,5523.17,266.85,44.3,7.75,-1.49,925.17,0.0,73.93,272.84,43.41,20.23,NORMAL,0.0
850,12.2958,76.6394,2024-07-14 00:00:00,2024-07-15 00:00:00,1447.23,292.92,79.64,0.65,-1.92,918.72,0.0,297.64,304.11,86.55,29.33,ACTIVE,0.0
500,12.2958,76.6394,2024-07-14 00:00:00,2024-07-15 00:00:00,5531.98,266.73,84.16,5.19,7.79,921.66,0.0,758.45,272.68,70.21,11.66,ACTIVE,0.0
850,12.9141,74.856,2024-07-14 00:00:00,2024-07-15 00:00:00,1596.31,299.33,31.67,-5.77,1.56,1003.42,0.0,56.14,304.24,23.22,58.66,COASTAL_OROGRAPHIC,0.0
500,12.9141,74.856,2024-07-14 00:00:00,2024-07-15 00:00:00,5518.13,271.98,72.31,7.83,0.67,1010.48,0.0,465.97,276.01,73.35,57.51,COASTAL_OROGRAPHIC,0.0
850,15.3647,75.124,2024-07-14 00:00:00,2024-07-15 00:00:00,1466.32,298.15,54.37,8.15,3.11,922.23,0.0,13.89,301.71,56.43,34.42,COASTAL_OROGRAPHIC,0.0
500,15.3647,75.124,2024-07-14 00:00:00,2024-07-15 00:00:00,5512.94,269.79,52.07,2.08,-2.95,908.72,0.0,121.55,273.5,48.98,27.56,COASTAL_OROGRAPHIC,0.1
850,17.3297,76.8343,2024-07-14 00:00:00,2024-07-15 00:00:00,1487.32,303.57,36.73,11.32,-7.57,916.5,0.0,89.53,310.06,28.54,25.41,DEPRESSION,0.0
500,17.3297,76.8343,2024-07-14 00:00:00,2024-07-15 00:00:00,5513.89,271.2,35.65,-0.18,5.19,914.66,0.0,117.27,276.38,31.84,25.43,DEPRESSION,0.1
850,12.9716,77.5946,2024-07-29 00:00:00,2024-07-30 00:00:00,1520.71,302.21,72.66,-5.11,8.01,907.46,6.23,192.49,300.88,75.54,36.7,DEPRESSION,6.96
500,12.9716,77.5946,2024-07-29 00:00:00,2024-07-30 00:00:00,5402.2,268.11,69.6,6.76,-2.95,911.57,0.0,865.58,274.24,67.27,22.61,DEPRESSION,0.0
850,12.2958,76.6394,2024-07-29 00:00:00,2024-07-30 00:00:00,1510.56,301.22,86.14,-4.15,-1.17,918.22,0.0,1086.14,306.18,91.87,19.33,ACTIVE,0.1
500,12.2958,76.6394,2024-07-29 00:00:00,2024-07-30 00:00:00,5372.54,264.74,74.21,4.55,-1.46,928.09,1.07,191.83,272.27,78.43,25.71,ACTIVE,1.35
850,12.9141,74.856,2024-07-29 00:00:00,2024-07-30 00:00:00,1488.97,292.54,87.94,0.7,0.01,1014.2,0.0,859.42,305.28,87.26,29.86,COASTAL_OROGRAPHIC,0.0
500,12.9141,74.856,2024-07-29 00:00:00,2024-07-30 00:00:00,5583.85,272.74,59.13,2.34,1.51,1016.53,0.0,30.03,275.74,67.45,55.15,COASTAL_OROGRAPHIC,0.0
850,15.3647,75.124,2024-07-29 00:00:00,2024-07-30 00:00:00,1451.01,294.04,43.9,3.92,4.19,925.6,0.0,178.48,303.02,49.87,36.11,COASTAL_OROGRAPHIC,0.1
500,15.3647,75.124,2024-07-29 00:00:00,2024-07-30 00:00:00,5479.53,270.01,75.41,4.12,-5.42,914.38,1.47,541.02,272.49,74.73,38.46,COASTAL_OROGRAPHIC,1.86
850,17.3297,76.8343,2024-07-29 00:00:00,2024-07-30 00:00:00,1516.36,304.76,57.18,2.99,-7.9,921.14,0.0,104.34,308.25,55.38,37.72,NORMAL,0.0
500,17.3297,76.8343,2024-07-29 00:00:00,2024-07-30 00:00:00,5520.17,273.68,41.88,2.35,1.63,905.39,0.0,42.81,274.87,42.96,24.07,NORMAL,0.0
850,12.9716,77.5946,2024-08-13 00:00:00,2024-08-14 00:00:00,1470.61,302.93,81.92,2.7,3.3,921.23,4.47,443.09,306.64,85.24,37.73,ACTIVE,4.89
500,12.9716,77.5946,2024-08-13 00:00:00,2024-08-14 00:00:00,5641.59,265.52,76.35,1.44,-0.81,914.16,0.0,368.65,273.89,71.94,34.07,ACTIVE,0.0
850,12.2958,76.6394,2024-08-13 00:00:00,2024-08-14 00:00:00,1507.32,300.08,40.86,6.81,4.28,920.59,0.0,0.0,299.7,42.06,37.35,DEPRESSION,0.0
500,12.2958,76.6394,2024-08-13 00:00:00,2024-08-14 00:00:00,5486.92,266.8,49.51,-10.13,4.29,916.75,0.0,80.09,271.01,41.81,28.54,DEPRESSION,0.0
850,12.9141,74.856,2024-08-13 00:00:00,2024-08-14 00:00:00,1576.0,296.9,88.82,-6.69,9.41,1007.11,4.91,554.72,303.95,87.46,38.82,DEPRESSION,5.47
500,12.9141,74.856,2024-08-13 00:00:00,2024-08-14 00:00:00,5394.23,272.57,83.71,5.1,-0.5,1001.72,3.62,1007.7,274.48,82.58,41.29,DEPRESSION,4.19
850,15.3647,75.124,2024-08-13 00:00:00,2024-08-14 00:00:00,1435.24,301.06,71.71,11.29,-6.09,928.14,0.0,573.94,301.57,74.99,21.13,COASTAL_OROGRAPHIC,0.0
500,15.3647,75.124,2024-08-13 00:00:00,2024-08-14 00:00:00,5551.45,270.48,55.94,7.79,0.31,916.33,0.0,147.8,275.52,50.12,26.9,COASTAL_OROGRAPHIC,0.0
850,17.3297,76.8343,2024-08-13 00:00:00,2024-08-14 00:00:00,1456.02,300.67,69.5,5.4,-1.84,909.43,0.0,330.44,307.28,68.12,21.03,NORMAL,0.0
500,17.3297,76.8343,2024-08-13 00:00:00,2024-08-14 00:00:00,5469.72,275.73,37.04,8.28,5.75,915.92,0.0,42.31,278.14,40.22,19.87,NORMAL,0.0
850,12.9716,77.5946,2024-08-28 00:00:00,2024-08-29 00:00:00,1502.77,296.0,43.57,-2.33,0.88,922.44,0.0,138.37,303.44,45.22,38.21,NORMAL,0.1
500,12.9716,77.5946,2024-08-28 00:00:00,2024-08-29 00:00:00,5616.17,274.56,93.5,0.66,1.33,922.42,4.94,606.99,276.68,97.82,39.71,NORMAL,5.59
850,12.2958,76.6394,2024-08-28 00:00:00,2024-08-29 00:00:00,1467.55,298.95,48.42,8.21,7.47,917.99,0.0,76.28,301.27,49.96,17.96,DEPRESSION,0.0
500,12.2958,76.6394,2024-08-28 00:00:00,2024-08-29 00:00:00,5594.36,266.69,61.72,9.55,-5.26,921.87,0.0,595.3,273.24,62.07,16.85,DEPRESSION,0.1
850,12.9141,74.856,2024-08-28 00:00:00,2024-08-29 00:00:00,1485.64,298.94,39.2,6.84,6.06,1002.9,0.0,21.98,302.59,48.46,37.65,COASTAL_OROGRAPHIC,0.1
500,12.9141,74.856,2024-08-28 00:00:00,2024-08-29 00:00:00,5433.68,268.7,79.72,1.17,4.18,1013.56,11.3,241.78,273.3,71.43,51.84,COASTAL_OROGRAPHIC,12.31
850,15.3647,75.124,2024-08-28 00:00:00,2024-08-29 00:00:00,1512.48,295.49,70.8,2.22,-4.46,925.29,0.1,532.74,301.29,66.98,36.23,DEPRESSION,0.3
500,15.3647,75.124,2024-08-28 00:00:00,2024-08-29 00:00:00,5377.56,267.32,42.17,1.28,7.17,913.53,0.0,30.7,273.5,47.92,31.54,DEPRESSION,0.0
850,17.3297,76.8343,2024-08-28 00:00:00,2024-08-29 00:00:00,1493.58,303.17,21.37,6.13,-0.03,915.26,0.0,52.89,308.91,13.65,23.15,NORMAL,0.0
500,17.3297,76.8343,2024-08-28 00:00:00,2024-08-29 00:00:00,5530.45,273.74,57.08,-1.42,-0.84,920.66,0.0,57.31,275.01,52.19,28.13,NORMAL,0.0
850,12.9716,77.5946,2024-09-12 00:00:00,2024-09-13 00:00:00,1534.22,299.84,47.06,-1.69,-6.8,923.48,0.0,182.31,304.27,37.62,31.92,NORMAL,0.1
500,12.9716,77.5946,2024-09-12 00:00:00,2024-09-13 00:00:00,5487.61,264.89,73.18,0.33,-4.68,921.11,0.0,0.0,272.42,74.07,13.24,NORMAL,0.0
850,12.2958,76.6394,2024-09-12 00:00:00,2024-09-13 00:00:00,1539.69,288.73,91.85,-2.94,9.96,922.38,1.62,438.7,300.22,94.01,11.4,ACTIVE,2.02
500,12.2958,76.6394,2024-09-12 00:00:00,2024-09-13 00:00:00,5534.74,267.71,58.77,-1.75,3.06,910.93,0.0,131.85,273.72,57.5,22.11,ACTIVE,0.1
850,12.9141,74.856,2024-09-12 00:00:00,2024-09-13 00:00:00,1482.13,295.66,54.9,0.33,4.62,1003.63,0.0,84.98,303.55,59.97,20.17,COASTAL_OROGRAPHIC,0.1
500,12.9141,74.856,2024-09-12 00:00:00,2024-09-13 00:00:00,5345.49,271.15,81.95,2.68,1.92,1012.14,0.0,690.5,272.83,88.6,29.76,COASTAL_OROGRAPHIC,0.0
850,15.3647,75.124,2024-09-12 00:00:00,2024-09-13 00:00:00,1580.23,296.46,93.79,5.13,0.11,918.46,9.48,1047.64,306.42,92.12,24.01,COASTAL_OROGRAPHIC,10.33
500,15.3647,75.124,2024-09-12 00:00:00,2024-09-13 00:00:00,5438.59,266.11,57.65,4.93,6.7,914.39,0.0,148.64,271.94,57.53,34.53,COASTAL_OROGRAPHIC,0.0
850,17.3297,76.8343,2024-09-12 00:00:00,2024-09-13 00:00:00,1505.08,302.09,20.6,4.37,-3.1,926.47,0.0,125.18,308.82,16.7,30.64,NORMAL,0.1
500,17.3297,76.8343,2024-09-12 00:00:00,2024-09-13 00:00:00,5305.75,273.65,28.1,7.09,0.49,925.85,0.0,86.42,274.6,29.97,27.43,NORMAL,0.0
850,12.9716,77.5946,2024-09-27 00:00:00,2024-09-28 00:00:00,1507.44,290.59,37.78,-1.65,0.43,919.09,0.0,56.39,304.09,36.71,21.27,NORMAL,0.1
500,12.9716,77.5946,2024-09-27 00:00:00,2024-09-28 00:00:00,5660.81,268.72,75.77,8.36,1.46,916.1,2.6,394.59,273.13,74.57,15.78,NORMAL,3.1
850,12.2958,76.6394,2024-09-27 00:00:00,2024-09-28 00:00:00,1502.29,298.67,60.19,2.17,6.39,923.87,0.0,497.01,303.58,61.66,18.89,NORMAL,0.0
500,12.2958,76.6394,2024-09-27 00:00:00,2024-09-28 00:00:00,5524.52,263.64,58.85,8.39,0.76,919.03,0.0,144.84,273.99,53.21,10.75,NORMAL,0.0
850,12.9141,74.856,2024-09-27 00:00:00,2024-09-28 00:00:00,1498.24,299.66,36.55,-6.72,-1.76,1004.08,0.0,94.25,301.19,42.3,46.88,COASTAL_OROGRAPHIC,0.0
500,12.9141,74.856,2024-09-27 00:00:00,2024-09-28 00:00:00,5566.84,266.06,85.74,-2.48,3.29,1012.46,0.0,789.93,274.88,91.56,35.56,COASTAL_OROGRAPHIC,0.1
850,15.3647,75.124,2024-09-27 00:00:00,2024-09-28 00:00:00,1577.14,304.31,40.76,-6.49,-3.22,927.13,0.0,72.92,304.57,40.62,18.81,COASTAL_OROGRAPHIC,0.0
500,15.3647,75.124,2024-09-27 00:00:00,2024-09-28 00:00:00,5459.59,272.28,65.49,-1.26,1.27,912.4,0.0,231.13,273.83,69.21,20.23,COASTAL_OROGRAPHIC,0.1
850,17.3297,76.8343,2024-09-27 00:00:00,2024-09-28 00:00:00,1507.78,305.8,68.59,-0.28,-2.87,918.45,0.0,455.52,309.28,70.06,21.45,NORMAL,0.0
500,17.3297,76.8343,2024-09-27 00:00:00,2024-09-28 00:00:00,5637.81,274.35,40.66,4.17,-1.97,922.19,0.0,141.76,277.39,37.02,32.69,NORMAL,0.0
850,12.9716,77.5946,2024-10-12 00:00:00,2024-10-13 00:00:00,1527.0,303.69,93.14,0.62,-2.86,932.89,3.16,569.8,302.98,100.0,23.52,ACTIVE,3.7
500,12.9716,77.5946,2024-10-12 00:00:00,2024-10-13 00:00:00,5228.1,269.14,91.43,5.03,1.26,922.85,5.36,174.24,275.07,99.46,26.94,ACTIVE,5.98
850,12.2958,76.6394,2024-10-12 00:00:00,2024-10-13 00:00:00,1513.7,298.88,37.95,0.62,5.47,922.86,0.0,80.95,305.8,36.49,17.9,BREAK,0.1
500,12.2958,76.6394,2024-10-12 00:00:00,2024-10-13 00:00:00,5482.28,268.15,36.51,-2.12,4.74,915.77,0.0,94.23,275.03,32.95,14.55,BREAK,0.0
850,12.9141,74.856,2024-10-12 00:00:00,2024-10-13 00:00:00,1511.61,301.13,74.19,1.79,1.13,1007.22,3.28,387.8,306.95,80.15,36.57,COASTAL_OROGRAPHIC,3.59
500,12.9141,74.856,2024-10-12 00:00:00,2024-10-13 00:00:00,5699.43,268.24,88.48,-4.27,-3.0,1006.36,0.62,636.89,273.51,86.4,46.25,COASTAL_OROGRAPHIC,0.78
850,15.3647,75.124,2024-10-12 00:00:00,2024-10-13 00:00:00,1481.12,301.46,91.75,-0.4,5.8,916.99,0.0,967.43,302.96,89.8,37.11,COASTAL_OROGRAPHIC,0.1
500,15.3647,75.124,2024-10-12 00:00:00,2024-10-13 00:00:00,5434.7,265.95,93.04,1.14,0.74,911.45,0.0,656.68,268.87,92.06,22.55,COASTAL_OROGRAPHIC,0.1
850,17.3297,76.8343,2024-10-12 00:00:00,2024-10-13 00:00:00,1517.33,304.0,37.58,9.29,-5.1,918.28,0.0,216.48,307.49,37.41,34.63,NORMAL,0.0
500,17.3297,76.8343,2024-10-12 00:00:00,2024-10-13 00:00:00,5452.39,277.14,34.83,0.62,-2.0,918.84,0.0,97.68,276.15,40.39,27.41,NORMAL,0.1
850,12.9716,77.5946,2024-10-27 00:00:00,2024-10-28 00:00:00,1544.33,298.89,91.77,5.86,-0.73,923.11,0.0,760.89,305.56,93.11,30.64,ACTIVE,0.0
500,12.9716,77.5946,2024-10-27 00:00:00,2024-10-28 00:00:00,5445.22,266.92,88.86,6.69,-5.12,912.53,0.0,572.35,273.18,80.85,18.14,ACTIVE,0.1
850,12.2958,76.6394,2024-10-27 00:00:00,2024-10-28 00:00:00,1532.67,297.99,33.82,-2.47,5.79,913.53,0.0,145.05,306.09,35.73,37.84,NORMAL,0.0
500,12.2958,76.6394,2024-10-27 00:00:00,2024-10-28 00:00:00,5378.73,265.63,60.18,-2.9,0.96,915.3,0.0,334.75,274.11,60.9,39.9,NORMAL,0.0
850,12.9141,74.856,2024-10-27 00:00:00,2024-10-28 00:00:00,1416.22,303.14,85.66,3.76,-1.85,998.34,0.0,334.83,304.59,83.28,30.11,COASTAL_OROGRAPHIC,0.0
500,12.9141,74.856,2024-10-27 00:00:00,2024-10-28 00:00:00,5463.62,266.96,86.2,15.84,-0.01,995.37,0.0,1097.48,273.02,88.05,24.15,COASTAL_OROGRAPHIC,0.0
850,15.3647,75.124,2024-10-27 00:00:00,2024-10-28 00:00:00,1533.67,295.35,49.94,-11.27,-4.19,924.33,0.0,173.24,305.85,54.49,18.78,DEPRESSION,0.1
500,15.3647,75.124,2024-10-27 00:00:00,2024-10-28 00:00:00,5313.33,266.2,49.99,2.44,-3.03,922.16,0.0,132.59,272.2,43.28,25.24,DEPRESSION,0.1
850,17.3297,76.8343,2024-10-27 00:00:00,2024-10-28 00:00:00,1519.59,303.44,70.03,11.71,1.37,920.81,0.0,114.2,311.06,65.06,17.71,NORMAL,0.0
500,17.3297,76.8343,2024-10-27 00:00:00,2024-10-28 00:00:00,5457.73,271.3,32.17,2.65,-3.25,922.11,0.0,142.34,278.22,23.33,31.45,NORMAL,0.0
850,12.9716,77.5946,2024-11-11 00:00:00,2024-11-12 00:00:00,1561.04,300.82,86.6,3.1,5.13,929.62,5.52,118.78,302.9,79.92,36.16,ACTIVE,6.17
500,12.9716,77.5946,2024-11-11 00:00:00,2024-11-12 00:00:00,5346.35,267.76,38.62,-3.92,-0.54,913.24,0.0,27.11,273.83,35.72,11.55,ACTIVE,0.0
850,12.2958,76.6394,2024-11-11 00:00:00,2024-11-12 00:00:00,1479.69,296.8,45.63,15.62,3.43,923.57,0.0,61.23,304.16,44.5,29.7,DEPRESSION,0.0
500,12.2958,76.6394,2024-11-11 00:00:00,2024-11-12 00:00:00,5469.03,272.38,83.16,-2.86,-4.08,919.71,5.08,270.59,273.22,83.27,26.0,DEPRESSION,5.62
850,12.9141,74.856,2024-11-11 00:00:00,2024-11-12 00:00:00,1456.42,299.73,80.6,2.16,0.35,1006.65,17.1,799.91,303.01,85.43,58.94,COASTAL_OROGRAPHIC,18.55
500,12.9141,74.856,2024-11-11 00:00:00,2024-11-12 00:00:00,5466.81,270.98,87.25,3.9,7.18,1005.44,0.0,85.07,275.47,90.99,56.42,COASTAL_OROGRAPHIC,0.0
850,15.3647,75.124,2024-11-11 00:00:00,2024-11-12 00:00:00,1491.51,298.29,70.93,1.85,1.56,925.55,5.73,0.0,306.97,65.74,35.69,COASTAL_OROGRAPHIC,6.44
500,15.3647,75.124,2024-11-11 00:00:00,2024-11-12 00:00:00,5495.01,263.63,41.03,0.53,-0.78,922.66,0.0,10.99,276.44,36.23,11.67,COASTAL_OROGRAPHIC,0.1
850,17.3297,76.8343,2024-11-11 00:00:00,2024-11-12 00:00:00,1446.63,302.14,38.53,0.11,0.29,921.56,0.0,132.24,310.52,35.08,32.69,NORMAL,0.0
500,17.3297,76.8343,2024-11-11 00:00:00,2024-11-12 00:00:00,5651.43,271.79,43.64,-4.43,2.79,921.69,0.0,117.9,276.54,42.62,39.38,NORMAL,0.0
850,12.9716,77.5946,2024-11-26 00:00:00,2024-11-27 00:00:00,1480.33,300.3,30.27,1.86,-0.6,923.89,0.0,46.52,301.59,30.87,14.88,BREAK,0.1
500,12.9716,77.5946,2024-11-26 00:00:00,2024-11-27 00:00:00,5457.34,264.56,81.49,-2.22,0.3,915.53,0.0,486.33,274.27,79.47,37.74,BREAK,0.0
850,12.2958,76.6394,2024-11-26 00:00:00,2024-11-27 00:00:00,1549.78,296.63,47.71,10.67,2.54,920.54,0.0,87.51,303.73,49.11,30.35,DEPRESSION,0.0
500,12.2958,76.6394,2024-11-26 00:00:00,2024-11-27 00:00:00,5562.01,268.2,89.4,-2.89,-1.45,910.1,7.51,1310.73,272.61,87.18,32.55,DEPRESSION,8.2
850,12.9141,74.856,2024-11-26 00:00:00,2024-11-27 00:00:00,1468.16,298.3,55.17,-3.32,2.53,1004.19,0.0,155.66,304.02,59.38,31.0,COASTAL_OROGRAPHIC,0.0
500,12.9141,74.856,2024-11-26 00:00:00,2024-11-27 00:00:00,5507.96,266.23,55.46,-5.93,3.52,1007.6,0.0,69.31,274.91,54.63,32.68,COASTAL_OROGRAPHIC,0.0
850,15.3647,75.124,2024-11-26 00:00:00,2024-11-27 00:00:00,1511.5,296.27,45.75,2.81,7.15,919.38,0.0,137.16,302.85,51.11,39.38,COASTAL_OROGRAPHIC,0.0
500,15.3647,75.124,2024-11-26 00:00:00,2024-11-27 00:00:00,5525.89,267.86,87.59,-0.03,2.95,916.72,6.06,576.25,276.02,78.29,35.65,COASTAL_OROGRAPHIC,6.61
850,17.3297,76.8343,2024-11-26 00:00:00,2024-11-27 00:00:00,1521.0,301.99,23.32,4.06,7.3,910.71,0.0,74.62,302.9,23.48,32.71,NORMAL,0.1
500,17.3297,76.8343,2024-11-26 00:00:00,2024-11-27 00:00:00,5512.16,275.28,49.89,4.92,-0.74,912.96,0.0,113.75,274.17,56.37,35.33,NORMAL,0.1
850,12.9716,77.5946,2024-12-11 00:00:00,2024-12-12 00:00:00,1482.26,303.31,36.21,3.05,0.82,917.84,0.0,119.62,301.3,30.16,29.51,NORMAL,0.0
500,12.9716,77.5946,2024-12-11 00:00:00,2024-12-12 00:00:00,5582.87,270.56,63.14,0.66,6.29,920.88,0.0,90.1,276.85,68.1,37.92,NORMAL,0.0
850,12.2958,76.6394,2024-12-11 00:00:00,2024-12-12 00:00:00,1460.81,292.62,93.52,-0.02,4.32,908.04,0.0,92.08,302.94,96.05,36.26,ACTIVE,0.0
500,12.2958,76.6394,2024-12-11 00:00:00,2024-12-12 00:00:00,5365.32,268.77,31.56,4.25,6.89,917.43,0.0,107.21,274.89,24.36,26.99,ACTIVE,0.0
850,12.9141,74.856,2024-12-11 00:00:00,2024-12-12 00:00:00,1608.59,302.01,47.75,-0.82,-0.59,1006.75,0.0,152.52,303.22,45.48,54.92,COASTAL_OROGRAPHIC,0.0
500,12.9141,74.856,2024-12-11 00:00:00,2024-12-12 00:00:00,5623.23,271.58,56.45,-1.22,4.86,1007.26,0.0,130.32,272.9,47.83,27.44,COASTAL_OROGRAPHIC,0.0
850,15.3647,75.124,2024-12-11 00:00:00,2024-12-12 00:00:00,1471.31,299.14,47.39,1.74,-2.24,922.93,0.0,130.58,301.72,53.56,23.62,COASTAL_OROGRAPHIC,0.0
500,15.3647,75.124,2024-12-11 00:00:00,2024-12-12 00:00:00,5507.23,269.23,51.29,1.08,2.35,931.4,0.0,63.31,271.27,46.56,13.41,COASTAL_OROGRAPHIC,0.1
850,17.3297,76.8343,2024-12-11 00:00:00,2024-12-12 00:00:00,1459.83,301.2,61.96,-2.25,1.92,921.54,0.0,928.41,307.33,63.2,15.26,NORMAL,0.0
500,17.3297,76.8343,2024-12-11 00:00:00,2024-12-12 00:00:00,5461.93,278.62,21.55,-0.22,-5.26,914.33,0.0,98.03,279.02,29.97,18.83,NORMAL,0.1
850,12.9716,77.5946,2024-12-26 00:00:00,2024-12-27 00:00:00,1483.07,294.9,54.49,5.94,9.55,916.54,0.0,40.4,305.16,56.08,32.6,NORMAL,0.0
500,12.9716,77.5946,2024-12-26 00:00:00,2024-12-27 00:00:00,5579.85,261.97,53.73,1.19,1.25,918.23,0.0,223.04,272.53,50.97,36.71,NORMAL,0.0
850,12.2958,76.6394,2024-12-26 00:00:00,2024-12-27 00:00:00,1563.44,291.56,34.72,7.0,5.22,921.09,0.0,220.92,307.11,27.69,17.0,BREAK,0.0
500,12.2958,76.6394,2024-12-26 00:00:00,2024-12-27 00:00:00,5563.57,268.53,50.23,8.83,0.1,917.49,0.0,58.99,270.81,55.91,33.78,BREAK,0.1
850,12.9141,74.856,2024-12-26 00:00:00,2024-12-27 00:00:00,1474.51,300.24,34.44,-7.13,5.01,1007.94,0.0,32.77,304.67,34.47,59.33,COASTAL_OROGRAPHIC,0.1
500,12.9141,74.856,2024-12-26 00:00:00,2024-12-27 00:00:00,5704.01,266.56,61.92,-1.3,2.21,1002.26,0.0,411.32,277.14,61.54,39.42,COASTAL_OROGRAPHIC,0.0
850,15.3647,75.124,2024-12-26 00:00:00,2024-12-27 00:00:00,1487.96,296.32,65.77,5.67,-4.85,919.31,0.0,0.0,302.56,69.31,39.76,COASTAL_OROGRAPHIC,0.1
500,15.3647,75.124,2024-12-26 00:00:00,2024-12-27 00:00:00,5567.7,271.52,80.45,9.11,1.67,911.7,1.12,843.18,275.76,81.12,39.45,COASTAL_OROGRAPHIC,1.3
850,17.3297,76.8343,2024-12-26 00:00:00,2024-12-27 00:00:00,1475.49,306.51,25.49,-0.96,6.1,919.43,0.0,80.87,305.3,26.83,37.72,NORMAL,0.0
500,17.3297,76.8343,2024-12-26 00:00:00,2024-12-27 00:00:00,5621.95,269.14,41.49,5.13,6.94,914.87,0.0,179.47,277.72,41.46,16.42,NORMAL,0.1
850,12.9716,77.5946,2025-01-10 00:00:00,2025-01-11 00:00:00,1467.09,293.15,79.73,-1.9,4.97,910.59,19.28,0.0,299.8,78.69,36.74,ACTIVE,21.06
500,12.9716,77.5946,2025-01-10 00:00:00,2025-01-11 00:00:00,5477.21,275.74,36.22,4.81,0.41,911.23,0.0,150.5,274.64,37.36,18.22,ACTIVE,0.1
850,12.2958,76.6394,2025-01-10 00:00:00,2025-01-11 00:00:00,1500.33,299.91,41.21,5.87,6.95,914.43,0.0,167.25,305.41,35.49,16.47,BREAK,0.0
500,12.2958,76.6394,2025-01-10 00:00:00,2025-01-11 00:00:00,5466.9,264.3,30.54,1.67,2.79,913.4,0.0,119.29,274.43,33.81,13.38,BREAK,0.0
850,12.9141,74.856,2025-01-10 00:00:00,2025-01-11 00:00:00,1501.2,299.46,87.36,1.39,2.41,1012.31,0.0,500.99,301.6,93.14,33.65,COASTAL_OROGRAPHIC,0.0
500,12.9141,74.856,2025-01-10 00:00:00,2025-01-11 00:00:00,5706.21,267.89,82.78,4.09,-0.99,1009.62,0.0,662.44,275.01,72.81,28.46,COASTAL_OROGRAPHIC,0.0
850,15.3647,75.124,2025-01-10 00:00:00,2025-01-11 00:00:00,1532.55,299.87,39.44,9.61,0.2,925.9,0.0,27.95,303.41,36.74,14.58,DEPRESSION,0.0
500,15.3647,75.124,2025-01-10 00:00:00,2025-01-11 00:00:00,5604.67,266.78,48.3,-6.22,-4.23,922.4,0.0,87.45,273.61,57.38,37.03,DEPRESSION,0.0
850,17.3297,76.8343,2025-01-10 00:00:00,2025-01-11 00:00:00,1411.31,304.26,47.54,-13.09,-1.87,923.27,0.0,62.35,308.28,47.24,17.82,DEPRESSION,0.0
500,17.3297,76.8343,2025-01-10 00:00:00,2025-01-11 00:00:00,5516.59,273.35,56.49,2.66,1.6,926.01,0.0,16.0,277.4,50.44,16.91,DEPRESSION,0.1
850,12.9716,77.5946,2025-01-25 00:00:00,2025-01-26 00:00:00,1583.82,298.73,56.73,0.66,2.43,927.14,0.0,118.57,303.49,56.49,23.03,NORMAL,0.0
500,12.9716,77.5946,2025-01-25 00:00:00,2025-01-26 00:00:00,5381.69,267.8,74.14,1.22,6.03,912.29,2.19,748.05,273.46,79.02,17.56,NORMAL,2.48
850,12.2958,76.6394,2025-01-25 00:00:00,2025-01-26 00:00:00,1530.62,298.08,51.56,-0.82,-1.81,921.93,0.0,156.03,302.88,52.59,13.63,NORMAL,0.0
500,12.2958,76.6394,2025-01-25 00:00:00,2025-01-26 00:00:00,5477.98,268.16,94.89,-3.45,5.43,921.48,0.0,657.95,272.0,99.44,14.49,NORMAL,0.0
850,12.9141,74.856,2025-01-25 00:00:00,2025-01-26 00:00:00,1423.29,298.62,57.62,-2.19,-1.16,1001.39,0.0,149.15,302.6,54.11,25.47,COASTAL_OROGRAPHIC,0.0
500,12.9141,74.856,2025-01-25 00:00:00,2025-01-26 00:00:00,5605.46,275.65,75.86,-3.84,5.05,1011.11,0.0,43.15,273.06,69.6,30.88,COASTAL_OROGRAPHIC,0.0
850,15.3647,75.124,2025-01-25 00:00:00,2025-01-26 00:00:00,1525.21,296.95,34.21,-2.14,3.74,916.8,0.0,92.19,304.52,31.0,34.13,COASTAL_OROGRAPHIC,0.0
500,15.3647,75.124,2025-01-25 00:00:00,2025-01-26 00:00:00,5389.88,266.3,38.73,4.78,9.22,923.03,0.0,123.63,274.21,33.36,21.27,COASTAL_OROGRAPHIC,0.0
850,17.3297,76.8343,2025-01-25 00:00:00,2025-01-26 00:00:00,1541.1,300.94,74.43,2.29,-3.91,918.4,0.16,1056.33,307.07,75.68,28.12,NORMAL,0.43
500,17.3297,76.8343,2025-01-25 00:00:00,2025-01-26 00:00:00,5671.27,268.82,20.89,1.11,1.13,917.43,0.0,74.1,276.24,21.67,19.4,NORMAL,0.0
850,12.9716,77.5946,2025-02-09 00:00:00,2025-02-10 00:00:00,1444.04,298.92,73.01,-2.79,4.46,923.14,0.0,458.43,302.26,71.66,28.17,NORMAL,0.0
500,12.9716,77.5946,2025-02-09 00:00:00,2025-02-10 00:00:00,5638.08,271.44,85.97,-3.59,0.83,924.85,1.75,0.0,277.08,87.64,29.12,NORMAL,1.94
850,12.2958,76.6394,2025-02-09 00:00:00,2025-02-10 00:00:00,1548.4,298.81,80.61,6.03,-3.54,918.84,4.55,825.45,302.78,81.09,27.45,ACTIVE,5.17
500,12.2958,76.6394,2025-02-09 00:00:00,2025-02-10 00:00:00,5504.7,267.97,37.91,-6.59,5.19,920.23,0.0,73.96,271.48,36.74,34.06,ACTIVE,0.0
850,12.9141,74.856,2025-02-09 00:00:00,2025-02-10 00:00:00,1513.27,299.64,83.46,-1.53,-2.38,1008.28,11.77,211.06,305.41,85.24,45.55,COASTAL_OROGRAPHIC,12.98
500,12.9141,74.856,2025-02-09 00:00:00,2025-02-10 00:00:00,5308.88,265.36,34.9,10.73,-7.24,996.47,0.0,122.1,269.19,24.68,35.54,COASTAL_OROGRAPHIC,0.0
850,15.3647,75.124,2025-02-09 00:00:00,2025-02-10 00:00:00,1565.03,297.56,69.24,0.41,3.16,922.36,0.0,398.04,301.85,70.39,14.06,COASTAL_OROGRAPHIC,0.0
500,15.3647,75.124,2025-02-09 00:00:00,2025-02-10 00:00:00,5396.54,269.33,77.8,-1.16,-2.97,916.54,9.31,0.0,276.33,80.31,24.7,COASTAL_OROGRAPHIC,10.17
850,17.3297,76.8343,2025-02-09 00:00:00,2025-02-10 00:00:00,1515.39,307.48,31.84,6.23,3.42,927.58,0.0,72.91,310.5,27.34,32.92,NORMAL,0.1
500,17.3297,76.8343,2025-02-09 00:00:00,2025-02-10 00:00:00,5468.8,268.63,31.22,4.63,1.98,914.04,0.0,80.36,276.41,22.34,18.72,NORMAL,0.0
850,12.9716,77.5946,2025-02-24 00:00:00,2025-02-25 00:00:00,1456.35,300.47,30.51,9.17,1.77,923.31,0.0,25.07,305.54,37.02,23.38,DEPRESSION,0.0
500,12.9716,77.5946,2025-02-24 00:00:00,2025-02-25 00:00:00,5454.26,271.15,79.3,-1.39,-0.22,917.01,0.0,544.17,271.5,84.37,32.9,DEPRESSION,0.0
850,12.2958,76.6394,2025-02-24 00:00:00,2025-02-25 00:00:00,1540.93,295.61,77.37,-1.02,6.83,920.54,9.72,0.0,301.0,79.67,30.48,ACTIVE,10.67
500,12.2958,76.6394,2025-02-24 00:00:00,2025-02-25 00:00:00,5349.94,273.81,77.71,8.81,1.26,923.83,0.0,1091.09,273.08,72.06,17.77,ACTIVE,0.0
850,12.9141,74.856,2025-02-24 00:00:00,2025-02-25 00:00:00,1547.28,301.62,39.16,1.28,1.68,1003.98,0.0,170.65,302.3,36.83,26.7,COASTAL_OROGRAPHIC,0.0
500,12.9141,74.856,2025-02-24 00:00:00,2025-02-25 00:00:00,5698.57,271.01,37.94,6.34,4.99,1005.46,0.0,66.39,274.7,40.77,57.05,COASTAL_OROGRAPHIC,0.0
850,15.3647,75.124,2025-02-24 00:00:00,2025-02-25 00:00:00,1521.69,299.52,67.03,-3.07,-1.79,925.48,0.0,0.0,302.07,63.37,24.04,COASTAL_OROGRAPHIC,0.0
500,15.3647,75.124,2025-02-24 00:00:00,2025-02-25 00:00:00,5356.04,269.58,90.01,6.0,5.77,918.07,0.0,1558.74,272.6,92.18,12.74,COASTAL_OROGRAPHIC,0.1
850,17.3297,76.8343,2025-02-24 00:00:00,2025-02-25 00:00:00,1527.27,300.03,40.45,6.94,2.84,924.59,0.0,84.48,305.84,35.06,14.52,BREAK,0.1
500,17.3297,76.8343,2025-02-24 00:00:00,2025-02-25 00:00:00,5685.44,268.45,53.73,3.37,7.27,923.0,0.0,108.78,275.21,46.82,31.53,BREAK,0.0
850,12.9716,77.5946,2025-03-11 00:00:00,2025-03-12 00:00:00,1520.3,294.63,54.45,-10.29,-2.92,919.43,0.0,179.96,304.5,55.98,14.09,NORMAL,0.0
500,12.9716,77.5946,2025-03-11 00:00:00,2025-03-12 00:00:00,5337.41,268.98,81.94,-8.51,-1.69,915.71,4.84,281.49,272.94,84.64,38.57,NORMAL,5.43
850,12.2958,76.6394,2025-03-11 00:00:00,2025-03-12 00:00:00,1565.67,297.92,73.81,10.85,-6.84,920.74,0.0,366.36,304.04,75.98,17.11,NORMAL,0.1
500,12.2958,76.6394,2025-03-11 00:00:00,2025-03-12 00:00:00,5297.5,267.51,68.78,5.5,-5.43,918.6,0.0,449.12,274.1,55.17,14.41,NORMAL,0.0
850,12.9141,74.856,2025-03-11 00:00:00,2025-03-12 00:00:00,1508.18,295.73,69.73,-2.28,-0.09,999.74,0.0,309.79,301.76,60.56,32.02,COASTAL_OROGRAPHIC,0.0
500,12.9141,74.856,2025-03-11 00:00:00,2025-03-12 00:00:00,5523.41,271.03,56.04,-1.07,-2.3,1006.13,0.0,155.9,271.81,55.29,37.99,COASTAL_OROGRAPHIC,0.0
850,15.3647,75.124,2025-03-11 00:00:00,2025-03-12 00:00:00,1495.72,298.66,87.46,2.17,-2.42,917.72,7.47,0.0,299.03,89.17,16.24,COASTAL_OROGRAPHIC,8.33
500,15.3647,75.124,2025-03-11 00:00:00,2025-03-12 00:00:00,5621.21,269.66,60.42,-1.29,-3.49,920.13,0.0,729.94,274.21,48.08,33.37,COASTAL_OROGRAPHIC,0.0
850,17.3297,76.8343,2025-03-11 00:00:00,2025-03-12 00:00:00,1474.34,299.06,52.17,8.21,4.86,918.52,0.0,143.97,311.15,46.9,29.99,NORMAL,0.0
500,17.3297,76.8343,2025-03-11 00:00:00,2025-03-12 00:00:00,5522.4,267.89,61.53,3.19,6.48,914.92,0.0,487.96,276.66,58.38,19.33,NORMAL,0.1
850,12.9716,77.5946,2025-03-26 00:00:00,2025-03-27 00:00:00,1605.84,298.85,40.88,1.73,1.81,919.92,0.0,50.97,306.06,50.28,34.39,NORMAL,0.0
500,12.9716,77.5946,2025-03-26 00:00:00,2025-03-27 00:00:00,5521.41,269.03,65.93,-10.22,0.98,917.14,0.0,558.33,275.34,66.02,16.4,NORMAL,0.1
850,12.2958,76.6394,2025-03-26 00:00:00,2025-03-27 00:00:00,1494.39,300.16,57.86,-2.21,-7.01,931.37,0.0,116.76,302.71,64.81,34.52,NORMAL,0.0
500,12.2958,76.6394,2025-03-26 00:00:00,2025-03-27 00:00:00,5543.04,261.97,72.77,4.3,7.9,915.01,2.6,105.45,271.36,67.25,25.84,NORMAL,2.95
850,12.9141,74.856,2025-03-26 00:00:00,2025-03-27 00:00:00,1487.4,300.17,35.55,7.81,0.26,997.47,0.0,142.0,307.52,32.32,58.93,COASTAL_OROGRAPHIC,0.0
500,12.9141,74.856,2025-03-26 00:00:00,2025-03-27 00:00:00,5575.63,268.24,94.88,-0.39,3.06,1013.11,1.9,292.07,274.19,86.85,57.05,COASTAL_OROGRAPHIC,2.18
850,15.3647,75.124,2025-03-26 00:00:00,2025-03-27 00:00:00,1549.72,296.48,93.85,0.41,1.61,915.95,0.58,733.35,304.52,92.54,38.35,COASTAL_OROGRAPHIC,0.81
500,15.3647,75.124,2025-03-26 00:00:00,2025-03-27 00:00:00,5480.35,268.11,31.6,2.2,4.58,922.96,0.0,92.18,274.68,33.61,20.99,COASTAL_OROGRAPHIC,0.1
850,17.3297,76.8343,2025-03-26 00:00:00,2025-03-27 00:00:00,1435.81,302.94,55.05,-1.8,3.28,920.59,0.0,119.58,307.42,61.0,22.43,NORMAL,0.0
500,17.3297,76.8343,2025-03-26 00:00:00,2025-03-27 00:00:00,5535.32,272.33,67.68,2.61,2.26,919.53,0.0,503.69,275.98,63.92,19.15,NORMAL,0.0
850,12.9716,77.5946,2025-04-10 00:00:00,2025-04-11 00:00:00,1407.41,295.0,36.43,2.52,-0.09,908.22,0.0,178.73,305.32,38.66,22.83,NORMAL,0.1
500,12.9716,77.5946,2025-04-10 00:00:00,2025-04-11 00:00:00,5513.45,269.45,84.58,11.44,-2.86,921.19,16.9,0.0,274.73,84.74,22.22,NORMAL,18.32
850,12.2958,76.6394,2025-04-10 00:00:00,2025-04-11 00:00:00,1473.88,298.45,47.85,6.34,-1.63,915.53,0.0,69.01,303.02,48.93,28.04,NORMAL,0.0
500,12.2958,76.6394,2025-04-10 00:00:00,2025-04-11 00:00:00,5706.04,271.55,89.46,-2.63,7.72,918.76,0.93,612.55,273.43,91.95,34.51,NORMAL,1.18
850,12.9141,74.856,2025-04-10 00:00:00,2025-04-11 00:00:00,1522.37,302.12,91.39,-1.87,-1.13,1014.48,0.0,439.87,301.63,89.37,34.24,COASTAL_OROGRAPHIC,0.0
500,12.9141,74.856,2025-04-10 00:00:00,2025-04-11 00:00:00,5299.83,267.8,43.31,-2.79,-1.55,1008.7,0.0,147.77,271.53,51.16,56.36,COASTAL_OROGRAPHIC,0.1
850,15.3647,75.124,2025-04-10 00:00:00,2025-04-11 00:00:00,1423.75,298.57,35.93,11.91,-5.16,909.72,0.0,113.43,304.29,36.19,16.18,DEPRESSION,0.0
500,15.3647,75.124,2025-04-10 00:00:00,2025-04-11 00:00:00,5512.25,267.07,34.32,-2.72,1.5,928.79,0.0,128.03,274.36,28.95,15.47,DEPRESSION,0.0
850,17.3297,76.8343,2025-04-10 00:00:00,2025-04-11 00:00:00,1588.24,298.04,55.96,-1.98,-4.89,920.43,0.0,102.19,310.18,59.84,32.86,NORMAL,0.1
500,17.3297,76.8343,2025-04-10 00:00:00,2025-04-11 00:00:00,5485.34,271.63,70.32,2.59,-3.53,925.32,0.0,1411.73,276.48,69.64,21.87,NORMAL,0.1
850,12.9716,77.5946,2025-04-25 00:00:00,2025-04-26 00:00:00,1433.88,298.94,75.03,-10.46,5.87,925.45,0.0,356.29,304.93,79.08,22.58,DEPRESSION,0.0
500,12.9716,77.5946,2025-04-25 00:00:00,2025-04-26 00:00:00,5313.03,267.33,36.06,2.09,-4.48,917.8,0.0,129.03,271.89,35.06,27.06,DEPRESSION,0.0
850,12.2958,76.6394,2025-04-25 00:00:00,2025-04-26 00:00:00,1509.68,301.61,94.74,-8.81,1.46,934.59,5.71,691.54,304.86,94.79,28.84,ACTIVE,6.22
500,12.2958,76.6394,2025-04-25 00:00:00,2025-04-26 00:00:00,5520.35,267.52,85.6,-2.77,3.03,919.8,0.0,299.2,275.06,87.91,20.81,ACTIVE,0.1
850,12.9141,74.856,2025-04-25 00:00:00,2025-04-26 00:00:00,1497.61,300.1,80.95,1.29,4.7,1002.61,3.3,0.0,303.51,78.25,21.87,COASTAL_OROGRAPHIC,3.72
500,12.9141,74.856,2025-04-25 00:00:00,2025-04-26 00:00:00,5474.33,272.88,31.6,4.43,1.79,1008.87,0.0,47.45,273.47,30.47,25.93,COASTAL_OROGRAPHIC,0.1
850,15.3647,75.124,2025-04-25 00:00:00,2025-04-26 00:00:00,1547.2,301.31,73.83,-2.94,-0.96,917.34,3.53,1552.95,299.26,70.29,18.8,COASTAL_OROGRAPHIC,4.05
500,15.3647,75.124,2025-04-25 00:00:00,2025-04-26 00:00:00,5415.43,266.09,36.16,0.52,0.61,922.94,0.0,62.68,275.51,30.04,31.51,COASTAL_OROGRAPHIC,0.0
850,17.3297,76.8343,2025-04-25 00:00:00,2025-04-26 00:00:00,1504.64,303.72,21.18,1.11,1.77,915.16,0.0,74.41,310.29,24.92,19.51,NORMAL,0.0
500,17.3297,76.8343,2025-04-25 00:00:00,2025-04-26 00:00:00,5539.33,277.85,43.17,4.05,3.14,920.85,0.0,69.35,277.82,35.52,38.71,NORMAL,0.0
850,12.9716,77.5946,2025-05-10 00:00:00,2025-05-11 00:00:00,1548.11,297.42,48.95,2.96,-5.28,920.64,0.0,50.27,301.43,55.45,12.79,BREAK,0.0
500,12.9716,77.5946,2025-05-10 00:00:00,2025-05-11 00:00:00,5508.72,263.69,64.87,3.91,5.43,923.31,0.0,1363.09,269.27,65.5,23.79,BREAK,0.0
850,12.2958,76.6394,2025-05-10 00:00:00,2025-05-11 00:00:00,1443.45,299.63,62.51,1.7,0.69,925.03,0.0,478.87,306.81,65.85,20.17,NORMAL,0.0
500,12.2958,76.6394,2025-05-10 00:00:00,2025-05-11 00:00:00,5711.73,263.47,72.84,1.95,-1.61,914.88,13.21,19.13,272.02,68.11,25.3,NORMAL,14.54
850,12.9141,74.856,2025-05-10 00:00:00,2025-05-11 00:00:00,1552.89,298.42,78.35,-0.17,4.26,996.89,5.94,14.61,303.98,77.36,47.18,COASTAL_OROGRAPHIC,6.6
500,12.9141,74.856,2025-05-10 00:00:00,2025-05-11 00:00:00,5686.85,263.69,65.1,0.46,-4.39,1009.69,0.0,501.59,275.36,63.13,45.77,COASTAL_OROGRAPHIC,0.1
850,15.3647,75.124,2025-05-10 00:00:00,2025-05-11 00:00:00,1535.63,296.99,46.73,-5.67,-4.05,912.63,0.0,48.21,300.97,48.7,35.38,COASTAL_OROGRAPHIC,0.0
500,15.3647,75.124,2025-05-10 00:00:00,2025-05-11 00:00:00,5636.36,267.84,85.43,-1.9,9.85,924.53,14.52,560.93,275.73,88.71,12.51,COASTAL_OROGRAPHIC,15.74
850,17.3297,76.8343,2025-05-10 00:00:00,2025-05-11 00:00:00,1463.67,303.65,43.73,-7.24,-1.09,913.96,0.0,120.6,304.92,45.89,11.91,NORMAL,0.1
500,17.3297,76.8343,2025-05-10 00:00:00,2025-05-11 00:00:00,5428.18,268.74,68.89,-3.44,12.21,917.56,0.0,0.0,275.47,62.56,29.47,NORMAL,0.0
850,12.9716,77.5946,2025-05-25 00:00:00,2025-05-26 00:00:00,1506.64,297.82,84.62,0.6,-0.48,919.59,0.0,834.13,304.27,82.29,30.7,ACTIVE,0.1
500,12.9716,77.5946,2025-05-25 00:00:00,2025-05-26 00:00:00,5535.88,269.01,52.52,-1.7,4.42,916.38,0.0,84.2,272.82,54.22,25.62,ACTIVE,0.0
850,12.2958,76.6394,2025-05-25 00:00:00,2025-05-26 00:00:00,1494.54,299.54,51.78,4.51,2.58,909.96,0.0,46.95,303.82,52.78,32.65,NORMAL,0.0
500,12.2958,76.6394,2025-05-25 00:00:00,2025-05-26 00:00:00,5473.74,269.27,55.19,8.05,2.11,922.78,0.0,69.58,274.93,56.28,15.16,NORMAL,0.0
850,12.9141,74.856,2025-05-25 00:00:00,2025-05-26 00:00:00,1485.72,302.74,31.25,-0.43,-3.44,1008.81,0.0,161.02,305.98,43.68,53.74,COASTAL_OROGRAPHIC,0.1
500,12.9141,74.856,2025-05-25 00:00:00,2025-05-26 00:00:00,5347.14,268.15,40.1,-5.39,3.27,1003.22,0.0,0.0,272.78,49.07,54.59,COASTAL_OROGRAPHIC,0.0
850,15.3647,75.124,2025-05-25 00:00:00,2025-05-26 00:00:00,1511.31,295.79,80.76,2.08,1.98,914.52,0.0,805.22,302.71,81.94,17.97,COASTAL_OROGRAPHIC,0.0
500,15.3647,75.124,2025-05-25 00:00:00,2025-05-26 00:00:00,5454.77,273.43,54.43,9.17,-2.55,923.36,0.0,41.07,275.96,55.66,19.98,COASTAL_OROGRAPHIC,0.0
850,17.3297,76.8343,2025-05-25 00:00:00,2025-05-26 00:00:00,1629.58,301.73,72.02,6.26,4.66,920.33,0.15,259.67,306.9,73.13,18.1,NORMAL,0.28
500,17.3297,76.8343,2025-05-25 00:00:00,2025-05-26 00:00:00,5448.97,267.72,27.11,2.91,5.48,920.95,0.0,110.41,277.92,18.33,12.5,NORMAL,0.1
850,12.9716,77.5946,2025-06-09 00:00:00,2025-06-10 00:00:00,1538.96,297.61,55.59,0.13,-6.49,916.55,0.0,31.59,304.13,57.78,19.13,BREAK,0.0
500,12.9716,77.5946,2025-06-09 00:00:00,2025-06-10 00:00:00,5491.14,271.36,33.42,0.81,2.31,924.05,0.0,187.67,275.39,34.25,13.05,BREAK,0.1
850,12.2958,76.6394,2025-06-09 00:00:00,2025-06-10 00:00:00,1395.78,299.71,82.73,5.15,-1.36,913.8,4.11,339.86,303.21,78.26,11.92,ACTIVE,4.6
500,12.2958,76.6394,2025-06-09 00:00:00,2025-06-10 00:00:00,5332.7,271.68,66.15,-5.16,-6.69,918.77,0.0,0.0,273.24,69.89,26.14,ACTIVE,0.0
850,12.9141,74.856,2025-06-09 00:00:00,2025-06-10 00:00:00,1552.54,297.07,61.32,2.13,1.29,1008.19,0.0,216.6,303.28,53.93,56.82,COASTAL_OROGRAPHIC,0.1
500,12.9141,74.856,2025-06-09 00:00:00,2025-06-10 00:00:00,5603.29,268.8,56.71,-5.85,2.35,1002.41,0.0,73.09,272.18,40.55,20.74,COASTAL_OROGRAPHIC,0.0
850,15.3647,75.124,2025-06-09 00:00:00,2025-06-10 00:00:00,1448.74,297.09,74.44,-0.06,-4.82,924.86,0.0,557.37,303.08,68.87,32.4,COASTAL_OROGRAPHIC,0.0
500,15.3647,75.124,2025-06-09 00:00:00,2025-06-10 00:00:00,5405.86,267.6,31.16,1.9,-1.1,924.08,0.0,76.13,271.14,42.3,22.24,COASTAL_OROGRAPHIC,0.0
850,17.3297,76.8343,2025-06-09 00:00:00,2025-06-10 00:00:00,1499.83,300.41,69.1,8.27,6.01,922.29,0.0,752.65,311.47,64.29,30.65,NORMAL,0.1
500,17.3297,76.8343,2025-06-09 00:00:00,2025-06-10 00:00:00,5657.89,263.09,55.48,12.05,4.21,927.48,0.0,138.49,277.76,66.53,30.45,NORMAL,0.0
850,12.9716,77.5946,2025-06-24 00:00:00,2025-06-25 00:00:00,1484.63,293.43,30.09,12.3,6.45,919.64,0.0,112.22,300.6,27.83,12.12,DEPRESSION,0.1
500,12.9716,77.5946,2025-06-24 00:00:00,2025-06-25 00:00:00,5580.77,265.93,69.58,0.51,8.78,919.23,0.0,913.45,274.28,68.04,35.85,DEPRESSION,0.0
850,12.2958,76.6394,2025-06-24 00:00:00,2025-06-25 00:00:00,1475.15,297.37,93.2,-8.26,4.79,919.41,0.0,892.77,303.24,99.31,33.68,DEPRESSION,0.0
500,12.2958,76.6394,2025-06-24 00:00:00,2025-06-25 00:00:00,5373.81,269.01,93.95,6.65,-1.64,917.12,4.2,495.24,274.01,88.54,12.57,DEPRESSION,4.82
850,12.9141,74.856,2025-06-24 00:00:00,2025-06-25 00:00:00,1510.75,298.85,44.72,7.0,4.51,987.73,0.0,95.93,304.45,39.91,29.88,COASTAL_OROGRAPHIC,0.0
500,12.9141,74.856,2025-06-24 00:00:00,2025-06-25 00:00:00,5472.17,265.8,81.05,1.06,0.09,1006.41,4.73,0.0,273.03,79.79,38.58,COASTAL_OROGRAPHIC,5.16
850,15.3647,75.124,2025-06-24 00:00:00,2025-06-25 00:00:00,1536.04,295.72,44.3,-0.75,-1.38,913.6,0.0,43.79,301.49,47.25,37.29,COASTAL_OROGRAPHIC,0.1
500,15.3647,75.124,2025-06-24 00:00:00,2025-06-25 00:00:00,5534.89,267.08,86.63,0.09,0.17,926.35,0.0,1018.0,275.47,91.13,16.39,COASTAL_OROGRAPHIC,0.0
850,17.3297,76.8343,2025-06-24 00:00:00,2025-06-25 00:00:00,1480.68,301.54,33.69,-1.45,-1.39,910.92,0.0,139.5,306.24,36.0,23.94,NORMAL,0.0
500,17.3297,76.8343,2025-06-24 00:00:00,2025-06-25 00:00:00,5467.17,272.11,23.07,-2.36,0.92,927.29,0.0,126.03,277.73,16.47,34.43,NORMAL,0.0
850,12.9716,77.5946,2025-07-09 00:00:00,2025-07-10 00:00:00,1530.49,300.22,87.16,1.3,3.6,926.99,2.97,632.21,300.47,82.73,17.87,ACTIVE,3.32
500,12.9716,77.5946,2025-07-09 00:00:00,2025-07-10 00:00:00,5403.64,270.33,35.51,6.33,5.33,915.81,0.0,57.76,275.78,38.74,36.29,ACTIVE,0.1
850,12.2958,76.6394,2025-07-09 00:00:00,2025-07-10 00:00:00,1508.34,300.66,82.55,1.85,3.1,918.32,0.0,607.52,301.28,77.43,13.7,ACTIVE,0.0
500,12.2958,76.6394,2025-07-09 00:00:00,2025-07-10 00:00:00,5446.65,265.37,68.29,-2.28,-2.49,930.85,0.0,433.73,273.02,67.9,17.42,ACTIVE,0.0
850,12.9141,74.856,2025-07-09 00:00:00,2025-07-10 00:00:00,1517.18,298.93,68.93,1.7,-5.49,993.1,0.0,206.3,304.97,64.95,59.72,COASTAL_OROGRAPHIC,0.1
500,12.9141,74.856,2025-07-09 00:00:00,2025-07-10 00:00:00,5363.83,274.03,92.59,1.3,6.06,1002.02,0.59,652.26,272.61,90.08,37.05,COASTAL_OROGRAPHIC,0.89
850,15.3647,75.124,2025-07-09 00:00:00,2025-07-10 00:00:00,1463.05,299.35,59.66,-3.83,1.41,921.24,0.0,46.48,304.52,57.66,12.17,COASTAL_OROGRAPHIC,0.0
500,15.3647,75.124,2025-07-09 00:00:00,2025-07-10 00:00:00,5606.22,268.36,56.54,-3.58,-3.19,923.44,0.0,82.64,274.99,62.59,33.96,COASTAL_OROGRAPHIC,0.0
850,17.3297,76.8343,2025-07-09 00:00:00,2025-07-10 00:00:00,1429.41,304.21,45.3,-1.46,5.1,924.22,0.0,115.8,305.81,44.55,25.48,NORMAL,0.0
500,17.3297,76.8343,2025-07-09 00:00:00,2025-07-10 00:00:00,5382.86,276.08,72.31,-12.87,-4.06,916.26,0.0,616.66,277.63,75.25,10.4,NORMAL,0.0
850,12.9716,77.5946,2025-07-24 00:00:00,2025-07-25 00:00:00,1448.69,300.06,79.69,-0.49,4.25,920.46,2.96,798.1,301.21,80.93,38.89,ACTIVE,3.29
500,12.9716,77.5946,2025-07-24 00:00:00,2025-07-25 00:00:00,5445.44,267.09,82.89,7.45,2.53,908.29,9.75,619.87,274.28,80.71,14.18,ACTIVE,10.71
850,12.2958,76.6394,2025-07-24 00:00:00,2025-07-25 00:00:00,1509.76,300.98,60.78,5.84,3.48,921.44,0.0,563.94,300.62,59.75,11.43,NORMAL,0.1
500,12.2958,76.6394,2025-07-24 00:00:00,2025-07-25 00:00:00,5457.74,266.37,66.27,-6.76,5.52,920.25,0.0,583.99,274.26,61.36,32.9,NORMAL,0.0
850,12.9141,74.856,2025-07-24 00:00:00,2025-07-25 00:00:00,1489.41,302.4,39.8,-0.44,-0.06,1001.65,0.0,62.96,306.36,27.41,55.95,COASTAL_OROGRAPHIC,0.1
500,12.9141,74.856,2025-07-24 00:00:00,2025-07-25 00:00:00,5425.26,268.63,72.03,-4.53,-2.44,1008.51,0.0,550.11,275.68,76.64,58.56,COASTAL_OROGRAPHIC,0.0
850,15.3647,75.124,2025-07-24 00:00:00,2025-07-25 00:00:00,1504.98,293.82,65.44,3.83,1.98,916.98,0.0,729.42,299.81,70.39,10.28,COASTAL_OROGRAPHIC,0.1
500,15.3647,75.124,2025-07-24 00:00:00,2025-07-25 00:00:00,5482.02,267.45,84.78,-2.39,-2.94,919.43,0.0,673.19,271.88,82.98,13.08,COASTAL_OROGRAPHIC,0.0
850,17.3297,76.8343,2025-07-24 00:00:00,2025-07-25 00:00:00,1462.87,302.64,30.41,6.71,-0.44,924.04,0.0,92.65,302.1,30.16,32.51,NORMAL,0.1
500,17.3297,76.8343,2025-07-24 00:00:00,2025-07-25 00:00:00,5717.12,271.59,63.47,1.0,3.98,920.09,0.0,1526.34,276.73,65.23,33.18,NORMAL,0.0
850,12.9716,77.5946,2025-08-08 00:00:00,2025-08-09 00:00:00,1466.2,295.63,91.38,3.54,-0.36,915.64,0.0,0.0,299.57,96.41,29.72,ACTIVE,0.0
500,12.9716,77.5946,2025-08-08 00:00:00,2025-08-09 00:00:00,5411.85,267.61,82.96,0.51,2.81,927.37,0.0,663.44,274.47,70.46,14.05,ACTIVE,0.0
850,12.2958,76.6394,2025-08-08 00:00:00,2025-08-09 00:00:00,1509.75,296.18,42.33,-0.96,0.09,927.79,0.0,47.87,300.34,44.58,35.42,NORMAL,0.1
500,12.2958,76.6394,2025-08-08 00:00:00,2025-08-09 00:00:00,5496.69,272.12,56.39,2.08,3.12,928.12,0.0,91.64,275.24,53.32,16.32,NORMAL,0.0
850,12.9141,74.856,2025-08-08 00:00:00,2025-08-09 00:00:00,1509.3,295.23,52.58,8.1,7.96,1003.23,0.0,61.35,301.52,53.9,52.02,COASTAL_OROGRAPHIC,0.0
500,12.9141,74.856,2025-08-08 00:00:00,2025-08-09 00:00:00,5366.05,268.57,78.6,4.93,1.21,998.22,14.35,0.0,276.34,83.46,42.51,COASTAL_OROGRAPHIC,15.55
850,15.3647,75.124,2025-08-08 00:00:00,2025-08-09 00:00:00,1531.2,299.09,77.78,-3.09,-3.34,916.49,1.14,890.46,304.6,74.92,13.32,COASTAL_OROGRAPHIC,1.4
500,15.3647,75.124,2025-08-08 00:00:00,2025-08-09 00:00:00,5616.26,269.24,42.15,-6.86,2.37,914.34,0.0,32.69,273.27,41.29,21.14,COASTAL_OROGRAPHIC,0.0
850,17.3297,76.8343,2025-08-08 00:00:00,2025-08-09 00:00:00,1567.31,298.17,57.06,6.6,5.42,921.61,0.0,60.45,304.1,47.3,24.02,NORMAL,0.0
500,17.3297,76.8343,2025-08-08 00:00:00,2025-08-09 00:00:00,5611.28,269.03,37.34,2.84,-0.58,910.4,0.0,143.23,277.82,46.54,24.08,NORMAL,0.0
850,12.9716,77.5946,2025-08-23 00:00:00,2025-08-24 00:00:00,1509.42,304.96,72.9,-1.68,-0.73,922.06,7.31,94.31,300.78,71.28,32.7,NORMAL,8.04
500,12.9716,77.5946,2025-08-23 00:00:00,2025-08-24 00:00:00,5530.29,271.22,31.0,0.19,1.71,903.12,0.0,77.52,274.68,29.05,15.11,NORMAL,0.0
850,12.2958,76.6394,2025-08-23 00:00:00,2025-08-24 00:00:00,1467.39,301.79,31.98,7.02,3.19,924.13,0.0,13.69,302.83,30.58,12.83,DEPRESSION,0.0
500,12.2958,76.6394,2025-08-23 00:00:00,2025-08-24 00:00:00,5462.65,270.42,52.57,-7.56,8.11,922.42,0.0,97.88,274.96,45.31,22.6,DEPRESSION,0.0
850,12.9141,74.856,2025-08-23 00:00:00,2025-08-24 00:00:00,1463.93,299.1,82.87,4.25,-1.36,1007.43,0.16,1170.9,304.7,84.88,52.48,COASTAL_OROGRAPHIC,0.41
500,12.9141,74.856,2025-08-23 00:00:00,2025-08-24 00:00:00,5611.2,270.67,59.77,0.57,4.83,1002.63,0.0,67.39,277.95,59.23,59.46,COASTAL_OROGRAPHIC,0.0
850,15.3647,75.124,2025-08-23 00:00:00,2025-08-24 00:00:00,1361.63,300.73,63.92,8.42,12.41,915.28,0.0,762.35,303.3,55.07,15.26,DEPRESSION,0.0
500,15.3647,75.124,2025-08-23 00:00:00,2025-08-24 00:00:00,5512.88,268.64,85.33,9.67,-0.58,917.74,24.07,1113.23,275.74,84.94,34.51,DEPRESSION,26.24
850,17.3297,76.8343,2025-08-23 00:00:00,2025-08-24 00:00:00,1525.11,301.42,72.24,8.19,-0.03,926.42,3.54,458.56,307.15,62.55,22.67,NORMAL,3.91
500,17.3297,76.8343,2025-08-23 00:00:00,2025-08-24 00:00:00,5393.67,270.77,30.61,-0.8,-1.12,927.19,0.0,97.35,279.02,31.43,29.1,NORMAL,0.0
850,12.9716,77.5946,2025-09-07 00:00:00,2025-09-08 00:00:00,1561.82,301.43,59.21,-0.27,1.8,921.89,0.0,124.42,304.74,55.43,10.38,NORMAL,0.0
500,12.9716,77.5946,2025-09-07 00:00:00,2025-09-08 00:00:00,5577.57,270.27,82.89,2.0,0.24,915.96,2.25,692.14,277.42,81.2,14.38,NORMAL,2.57
850,12.2958,76.6394,2025-09-07 00:00:00,2025-09-08 00:00:00,1472.08,296.58,45.52,-0.62,-4.46,916.07,0.0,197.45,304.62,50.15,13.8,NORMAL,0.1
500,12.2958,76.6394,2025-09-07 00:00:00,2025-09-08 00:00:00,5480.25,268.31,67.85,-6.86,-3.92,915.98,0.0,312.11,272.55,65.62,19.2,NORMAL,0.0
850,12.9141,74.856,2025-09-07 00:00:00,2025-09-08 00:00:00,1525.27,299.41,94.19,-1.61,-7.7,1000.04,0.0,280.3,301.58,92.63,34.56,COASTAL_OROGRAPHIC,0.0
500,12.9141,74.856,2025-09-07 00:00:00,2025-09-08 00:00:00,5392.69,268.77,47.66,-1.6,-0.05,1006.5,0.0,97.76,275.74,45.86,53.73,COASTAL_OROGRAPHIC,0.0
850,15.3647,75.124,2025-09-07 00:00:00,2025-09-08 00:00:00,1520.29,300.87,34.92,3.37,0.92,922.07,0.0,115.45,305.15,38.89,25.7,COASTAL_OROGRAPHIC,0.0
500,15.3647,75.124,2025-09-07 00:00:00,2025-09-08 00:00:00,5591.36,269.53,49.8,-6.35,3.85,921.33,0.0,85.79,273.93,51.89,29.35,COASTAL_OROGRAPHIC,0.0
850,17.3297,76.8343,2025-09-07 00:00:00,2025-09-08 00:00:00,1451.28,297.88,20.47,2.36,10.26,923.95,0.0,102.47,305.77,19.92,33.67,NORMAL,0.0
500,17.3297,76.8343,2025-09-07 00:00:00,2025-09-08 00:00:00,5503.01,270.71,22.23,8.13,2.81,928.85,0.0,0.0,278.08,28.51,16.74,NORMAL,0.1
850,12.9716,77.5946,2025-09-22 00:00:00,2025-09-23 00:00:00,1568.49,302.81,77.72,3.72,1.35,929.97,0.0,677.81,305.81,74.77,31.21,ACTIVE,0.0
500,12.9716,77.5946,2025-09-22 00:00:00,2025-09-23 00:00:00,5444.22,268.32,35.74,0.87,3.6,917.73,0.0,185.92,270.57,42.01,19.68,ACTIVE,0.0
850,12.2958,76.6394,2025-09-22 00:00:00,2025-09-23 00:00:00,1488.17,294.82,84.02,-3.55,-5.73,919.96,0.93,890.33,302.94,77.64,39.14,ACTIVE,1.24
500,12.2958,76.6394,2025-09-22 00:00:00,2025-09-23 00:00:00,5357.91,263.86,42.68,3.64,-1.1,916.33,0.0,139.11,270.59,37.24,37.18,ACTIVE,0.0
850,12.9141,74.856,2025-09-22 00:00:00,2025-09-23 00:00:00,1520.6,295.01,87.79,0.47,5.04,1009.3,15.13,519.94,302.48,84.34,23.22,COASTAL_OROGRAPHIC,16.6
500,12.9141,74.856,2025-09-22 00:00:00,2025-09-23 00:00:00,5503.53,268.32,56.77,1.2,-1.87,1001.81,0.0,45.99,274.91,59.63,28.76,COASTAL_OROGRAPHIC,0.0
850,15.3647,75.124,2025-09-22 00:00:00,2025-09-23 00:00:00,1481.66,298.7,55.4,0.43,7.12,916.79,0.0,0.0,303.95,56.64,11.49,COASTAL_OROGRAPHIC,0.1
500,15.3647,75.124,2025-09-22 00:00:00,2025-09-23 00:00:00,5502.66,266.6,60.45,0.49,4.37,920.92,0.0,743.98,272.69,58.74,21.83,COASTAL_OROGRAPHIC,0.1
850,17.3297,76.8343,2025-09-22 00:00:00,2025-09-23 00:00:00,1435.53,302.09,45.93,1.59,3.25,918.66,0.0,117.38,302.79,45.64,22.0,NORMAL,0.0
500,17.3297,76.8343,2025-09-22 00:00:00,2025-09-23 00:00:00,5454.04,275.38,44.87,3.86,1.07,919.9,0.0,64.32,276.06,47.0,28.35,NORMAL,0.0
850,12.9716,77.5946,2025-10-07 00:00:00,2025-10-08 00:00:00,1481.3,299.73,51.26,6.81,-5.69,917.09,0.0,57.22,299.52,46.1,25.75,NORMAL,0.0
500,12.9716,77.5946,2025-10-07 00:00:00,2025-10-08 00:00:00,5698.64,272.14,72.52,-1.71,-0.53,922.94,0.0,675.0,273.07,59.55,26.0,NORMAL,0.0
850,12.2958,76.6394,2025-10-07 00:00:00,2025-10-08 00:00:00,1505.67,297.17,76.9,1.74,-1.87,919.06,0.0,1007.67,302.22,84.02,15.52,ACTIVE,0.0
500,12.2958,76.6394,2025-10-07 00:00:00,2025-10-08 00:00:00,5569.66,268.3,85.4,-4.39,-3.9,920.08,0.0,634.53,272.95,77.83,11.27,ACTIVE,0.1
850,12.9141,74.856,2025-10-07 00:00:00,2025-10-08 00:00:00,1444.93,292.0,80.66,3.75,-3.92,1006.18,23.25,333.98,304.6,87.15,39.39,COASTAL_OROGRAPHIC,25.38
500,12.9141,74.856,2025-10-07 00:00:00,2025-10-08 00:00:00,5478.81,268.09,47.66,4.77,2.68,1007.96,0.0,162.96,277.88,48.29,35.63,COASTAL_OROGRAPHIC,0.1
850,15.3647,75.124,2025-10-07 00:00:00,2025-10-08 00:00:00,1545.47,299.57,75.36,7.04,1.38,916.66,4.52,0.0,305.15,75.26,20.39,COASTAL_OROGRAPHIC,5.05
500,15.3647,75.124,2025-10-07 00:00:00,2025-10-08 00:00:00,5471.63,270.68,60.18,-8.39,1.8,924.46,0.0,0.0,271.88,63.05,30.82,COASTAL_OROGRAPHIC,0.0
850,17.3297,76.8343,2025-10-07 00:00:00,2025-10-08 00:00:00,1519.82,298.5,35.03,10.26,-2.02,922.54,0.0,209.16,308.66,38.94,28.54,NORMAL,0.1
500,17.3297,76.8343,2025-10-07 00:00:00,2025-10-08 00:00:00,5611.07,270.23,68.47,7.8,2.65,912.61,0.0,597.18,272.81,72.04,30.92,NORMAL,0.0
850,12.9716,77.5946,2025-10-22 00:00:00,2025-10-23 00:00:00,1495.49,301.91,74.07,-3.25,3.74,916.8,0.84,936.21,303.39,68.49,14.38,NORMAL,0.96
500,12.9716,77.5946,2025-10-22 00:00:00,2025-10-23 00:00:00,5572.13,274.22,55.36,7.35,0.98,920.92,0.0,87.6,274.29,51.98,22.15,NORMAL,0.0
850,12.2958,76.6394,2025-10-22 00:00:00,2025-10-23 00:00:00,1553.93,298.36,31.45,-0.96,2.31,917.31,0.0,123.43,305.58,27.85,38.63,NORMAL,0.1
500,12.2958,76.6394,2025-10-22 00:00:00,2025-10-23 00:00:00,5457.2,271.44,42.4,4.78,5.33,916.97,0.0,52.86,272.53,37.56,16.11,NORMAL,0.1
850,12.9141,74.856,2025-10-22 00:00:00,2025-10-23 00:00:00,1485.63,299.22,67.29,2.06,4.47,996.82,0.0,1509.35,302.97,66.69,42.02,COASTAL_OROGRAPHIC,0.1
500,12.9141,74.856,2025-10-22 00:00:00,2025-10-23 00:00:00,5309.13,270.15,38.73,-0.72,-3.31,1000.98,0.0,111.29,271.59,34.99,56.62,COASTAL_OROGRAPHIC,0.0
850,15.3647,75.124,2025-10-22 00:00:00,2025-10-23 00:00:00,1555.56,298.9,63.82,4.39,-2.67,918.16,0.0,512.64,302.45,68.34,36.73,COASTAL_OROGRAPHIC,0.1
500,15.3647,75.124,2025-10-22 00:00:00,2025-10-23 00:00:00,5539.13,271.98,57.78,1.17,-2.88,930.89,0.0,8.75,271.67,54.65,25.8,COASTAL_OROGRAPHIC,0.0
850,17.3297,76.8343,2025-10-22 00:00:00,2025-10-23 00:00:00,1573.54,295.01,62.45,14.13,2.47,924.89,0.0,571.88,307.05,61.2,37.79,DEPRESSION,0.0
500,17.3297,76.8343,2025-10-22 00:00:00,2025-10-23 00:00:00,5290.21,270.38,73.98,9.55,-10.87,922.55,0.0,787.1,277.12,72.16,35.77,DEPRESSION,0.0
850,12.9716,77.5946,2025-11-06 00:00:00,2025-11-07 00:00:00,1549.3,298.77,58.9,5.69,4.38,915.69,0.0,103.99,302.99,62.81,20.9,NORMAL,0.0
500,12.9716,77.5946,2025-11-06 00:00:00,2025-11-07 00:00:00,5609.25,272.55,43.69,-0.54,4.26,918.13,0.0,37.56,269.63,46.12,34.84,NORMAL,0.0
850,12.2958,76.6394,2025-11-06 00:00:00,2025-11-07 00:00:00,1415.83,297.86,62.58,4.52,-4.83,910.66,0.0,0.0,298.99,63.98,10.04,BREAK,0.1
500,12.2958,76.6394,2025-11-06 00:00:00,2025-11-07 00:00:00,5404.21,264.84,55.57,2.12,-3.42,924.91,0.0,172.51,272.71,62.46,25.57,BREAK,0.0
850,12.9141,74.856,2025-11-06 00:00:00,2025-11-07 00:00:00,1565.36,298.24,75.6,-7.78,-5.22,1001.66,0.0,713.72,302.89,69.44,29.21,DEPRESSION,0.0
500,12.9141,74.856,2025-11-06 00:00:00,2025-11-07 00:00:00,5535.76,273.18,81.13,-6.31,7.2,1007.57,3.92,799.88,273.86,74.15,54.47,DEPRESSION,4.47
850,15.3647,75.124,2025-11-06 00:00:00,2025-11-07 00:00:00,1502.2,304.16,68.22,-0.45,4.12,914.97,0.0,580.63,305.36,72.75,11.29,COASTAL_OROGRAPHIC,0.0
500,15.3647,75.124,2025-11-06 00:00:00,2025-11-07 00:00:00,5674.41,265.61,38.07,-4.55,-0.37,910.97,0.0,34.07,274.86,41.77,28.21,COASTAL_OROGRAPHIC,0.1
850,17.3297,76.8343,2025-11-06 00:00:00,2025-11-07 00:00:00,1526.6,300.65,51.86,-10.22,-3.07,919.23,0.0,148.01,307.62,54.53,24.04,NORMAL,0.0
500,17.3297,76.8343,2025-11-06 00:00:00,2025-11-07 00:00:00,5513.48,268.47,20.43,-3.35,0.09,923.31,0.0,54.75,276.73,27.2,25.2,NORMAL,0.1
850,12.9716,77.5946,2025-11-21 00:00:00,2025-11-22 00:00:00,1417.22,299.05,78.07,-5.85,7.11,921.37,0.0,350.57,303.34,86.71,32.16,ACTIVE,0.1
500,12.9716,77.5946,2025-11-21 00:00:00,2025-11-22 00:00:00,5806.75,271.17,47.27,1.65,3.9,919.06,0.0,48.06,273.16,41.85,26.84,ACTIVE,0.0
850,12.2958,76.6394,2025-11-21 00:00:00,2025-11-22 00:00:00,1489.51,296.49,91.33,4.9,2.87,926.51,0.32,233.99,302.52,90.07,20.35,ACTIVE,0.44
500,12.2958,76.6394,2025-11-21 00:00:00,2025-11-22 00:00:00,5438.84,267.91,59.39,5.12,-5.98,922.03,0.0,74.98,275.03,50.77,31.47,ACTIVE,0.0
850,12.9141,74.856,2025-11-21 00:00:00,2025-11-22 00:00:00,1575.26,294.5,62.71,4.25,2.28,1003.78,0.0,163.29,303.43,70.0,33.29,COASTAL_OROGRAPHIC,0.1
500,12.9141,74.856,2025-11-21 00:00:00,2025-11-22 00:00:00,5350.89,274.34,94.99,-5.34,0.86,1013.35,0.0,1381.94,276.3,99.34,30.36,COASTAL_OROGRAPHIC,0.0
850,15.3647,75.124,2025-11-21 00:00:00,2025-11-22 00:00:00,1467.9,302.14,59.43,5.23,3.82,924.45,0.0,121.04,303.39,62.74,17.12,COASTAL_OROGRAPHIC,0.0
500,15.3647,75.124,2025-11-21 00:00:00,2025-11-22 00:00:00,5443.93,272.44,72.31,-3.59,4.29,928.4,1.14,499.1,271.72,68.17,26.96,COASTAL_OROGRAPHIC,1.32
850,17.3297,76.8343,2025-11-21 00:00:00,2025-11-22 00:00:00,1500.96,297.82,23.72,7.5,0.62,920.2,0.0,159.94,305.33,26.77,30.65,NORMAL,0.0
500,17.3297,76.8343,2025-11-21 00:00:00,2025-11-22 00:00:00,5447.36,274.45,24.6,0.53,1.8,918.21,0.0,134.93,276.8,35.39,20.99,NORMAL,0.0
850,12.9716,77.5946,2025-12-06 00:00:00,2025-12-07 00:00:00,1507.61,299.56,32.68,2.96,3.94,917.71,0.0,160.62,305.34,32.26,22.45,NORMAL,0.1
500,12.9716,77.5946,2025-12-06 00:00:00,2025-12-07 00:00:00,5502.83,266.97,40.31,8.79,4.55,914.56,0.0,112.59,269.1,36.49,24.87,NORMAL,0.0
850,12.2958,76.6394,2025-12-06 00:00:00,2025-12-07 00:00:00,1522.61,299.16,35.46,1.64,4.95,916.91,0.0,120.97,300.86,39.16,23.15,NORMAL,0.1
500,12.2958,76.6394,2025-12-06 00:00:00,2025-12-07 00:00:00,5469.47,267.57,36.5,-3.02,2.32,922.77,0.0,33.47,271.96,36.65,20.27,NORMAL,0.1
850,12.9141,74.856,2025-12-06 00:00:00,2025-12-07 00:00:00,1464.27,298.61,73.55,-9.56,-1.39,1003.36,0.0,304.0,303.49,74.94,43.81,COASTAL_OROGRAPHIC,0.0
500,12.9141,74.856,2025-12-06 00:00:00,2025-12-07 00:00:00,5432.55,265.62,71.57,-9.35,-2.91,1003.79,0.0,1532.12,277.97,74.9,21.07,COASTAL_OROGRAPHIC,0.1
850,15.3647,75.124,2025-12-06 00:00:00,2025-12-07 00:00:00,1497.34,296.08,42.12,7.39,1.71,928.66,0.0,15.61,304.0,39.3,32.33,COASTAL_OROGRAPHIC,0.0
500,15.3647,75.124,2025-12-06 00:00:00,2025-12-07 00:00:00,5450.26,269.87,73.59,8.95,8.81,920.08,1.7,283.06,271.93,69.43,29.21,COASTAL_OROGRAPHIC,2.07
850,17.3297,76.8343,2025-12-06 00:00:00,2025-12-07 00:00:00,1494.93,305.58,38.83,0.12,2.04,923.96,0.0,71.4,305.87,47.13,30.97,NORMAL,0.1
500,17.3297,76.8343,2025-12-06 00:00:00,2025-12-07 00:00:00,5435.3,273.18,66.79,12.09,1.18,922.89,0.0,0.0,275.5,60.79,23.25,NORMAL,0.0
850,12.9716,77.5946,2025-12-21 00:00:00,2025-12-22 00:00:00,1573.17,290.53,62.06,-2.16,-0.96,926.92,0.0,658.65,301.48,67.39,38.54,ACTIVE,0.1
500,12.9716,77.5946,2025-12-21 00:00:00,2025-12-22 00:00:00,5620.05,265.24,48.82,-2.13,1.19,920.39,0.0,177.2,273.92,35.28,16.42,ACTIVE,0.0
850,12.2958,76.6394,2025-12-21 00:00:00,2025-12-22 00:00:00,1502.06,299.29,34.77,-2.83,-2.25,916.68,0.0,31.24,303.56,27.72,29.11,NORMAL,0.1
500,12.2958,76.6394,2025-12-21 00:00:00,2025-12-22 00:00:00,5588.33,260.15,42.48,-10.62,-0.2,923.21,0.0,136.03,273.3,46.92,35.73,NORMAL,0.0
850,12.9141,74.856,2025-12-21 00:00:00,2025-12-22 00:00:00,1465.16,299.28,65.06,-0.61,-4.8,1002.97,0.0,121.21,305.05,59.16,56.69,COASTAL_OROGRAPHIC,0.1
500,12.9141,74.856,2025-12-21 00:00:00,2025-12-22 00:00:00,5491.3,266.3,59.76,7.87,-6.52,1003.36,0.0,97.92,274.18,60.66,38.95,COASTAL_OROGRAPHIC,0.0
850,15.3647,75.124,2025-12-21 00:00:00,2025-12-22 00:00:00,1474.06,299.69,46.95,-1.23,4.39,920.09,0.0,73.94,304.39,43.32,29.24,COASTAL_OROGRAPHIC,0.1
500,15.3647,75.124,2025-12-21 00:00:00,2025-12-22 00:00:00,5447.07,269.64,71.71,6.83,2.97,914.36,2.06,1479.43,271.35,68.85,28.5,COASTAL_OROGRAPHIC,2.52
850,17.3297,76.8343,2025-12-21 00:00:00,2025-12-22 00:00:00,1496.06,301.78,20.03,-6.05,6.06,916.64,0.0,167.94,302.04,18.1,29.52,DEPRESSION,0.0
500,17.3297,76.8343,2025-12-21 00:00:00,2025-12-22 00:00:00,5489.86,273.13,71.49,10.4,-8.38,924.33,8.07,927.47,279.19,69.17,30.93,DEPRESSION,8.79
